suite_id,iv,tail_dir,model_family,contemp_total,contemp_p10,contemp_p05,contemp_p01,lead_total,lead_p10,lead_p05,lead_p01,beta_min,beta_max,beta_abs_max,se_med,n_min,n_max,dir
H11,PRisk,positive,PanelOLS,12,12,12,12,0,0,0,0,0.00010917624687692194,0.00029770185190218593,0.00029770185190218593,1.5483697729168378e-05,65394,77758,h11_prisk_uncertainty
H11-Lag1,PRisk_lag,positive,PanelOLS,12,12,12,12,0,0,0,0,3.718072884430875e-05,0.00017409082055837522,0.00017409082055837522,1.544120450965394e-05,63049,75014,h11_prisk_uncertainty_lag
H11-Lag2,PRisk_lag2,positive,PanelOLS,12,11,11,8,0,0,0,0,1.2971305023221367e-05,0.0001481622407962072,0.0001481622407962072,1.566466835596498e-05,62674,74561,h11_prisk_uncertainty_lag
H12,UncAnsCEO,negative,PanelOLS,6,0,0,0,6,0,0,0,-0.0125763796560022,0.008811852443655625,0.0125763796560022,0.01345389368536101,44624,47651,h12_payout
H12,UncPreCEO,negative,PanelOLS,6,0,0,0,6,0,0,0,-0.012491510071232429,0.031108861435561658,0.031108861435561658,0.013293222859122131,44624,47651,h12_payout
H12,UncAnsMgr,negative,PanelOLS,6,0,0,0,6,0,0,0,-0.008879926387282083,0.03920826058738128,0.03920826058738128,0.017383025970016366,44624,47651,h12_payout
H12,UncPreMgr,negative,PanelOLS,6,3,3,2,6,3,3,2,-0.05287404114638559,-0.0032073682400046047,0.05287404114638559,0.01726578304495115,44624,47651,h12_payout
H12.r,UncAnsCEO,negative,PanelOLS,6,0,0,0,6,0,0,0,-0.009913263401520262,0.01577847890421597,0.01577847890421597,0.010396541612807841,41994,44882,h12_payout_robustness
H12.r,UncAnsNoCEO,negative,PanelOLS,6,0,0,0,6,0,0,0,-0.002178169573421395,0.011457021179627692,0.011457021179627692,0.005726268342490398,41994,44882,h12_payout_robustness
H12.r,UncPreCEO,negative,PanelOLS,6,0,0,0,6,0,0,0,-0.011875259492664603,0.008503253049625526,0.011875259492664603,0.010368049401776363,41994,44882,h12_payout_robustness
H12.r,UncPreNoCEO,negative,PanelOLS,6,3,2,0,6,3,2,1,-0.019906540976704523,-0.002233613606448219,0.019906540976704523,0.007757214088603609,41994,44882,h12_payout_robustness
H12b,UncAnsCEO,negative,LPM,6,0,0,0,6,0,0,0,-0.0006833592450063437,0.00411380759049176,0.00411380759049176,0.003480554618329865,60175,64145,h12b_dividend_payer
H12b,UncPreCEO,negative,LPM,6,0,0,0,6,0,0,0,-0.001975362873772176,0.008288393187725594,0.008288393187725594,0.0031956371747994235,60175,64145,h12b_dividend_payer
H12b,UncAnsMgr,negative,LPM,6,1,0,0,6,0,0,0,-0.006272010412440938,0.00668919153949959,0.00668919153949959,0.004317042331808878,60175,64145,h12b_dividend_payer
H12b,UncPreMgr,negative,LPM,6,3,3,3,6,3,3,2,-0.011293231843657024,-0.0036522090478145557,0.011293231843657024,0.00471277062219026,60175,64145,h12b_dividend_payer
H12b.r,UncAnsCEO,negative,LPM,6,0,0,0,6,0,0,0,-0.0018103575469047039,0.0032594705537229937,0.0032594705537229937,0.0022554681766319175,56535,60224,h12b_dividend_payer_robustness
H12b.r,UncAnsNoCEO,negative,LPM,6,0,0,0,6,0,0,0,-0.00100866696628477,0.0009628906873073161,0.00100866696628477,0.0013600419426937841,56535,60224,h12b_dividend_payer_robustness
H12b.r,UncPreCEO,negative,LPM,6,0,0,0,6,3,0,0,-0.0042484362877122876,0.002484521194603372,0.0042484362877122876,0.0025719139503029456,56535,60224,h12b_dividend_payer_robustness
H12b.r,UncPreNoCEO,negative,LPM,6,3,1,0,6,0,0,0,-0.0026169352996851486,-4.394193780816439e-05,0.0026169352996851486,0.0023696928118566887,56535,60224,h12b_dividend_payer_robustness
H13.1,UncAnsMgr_c,positive,PanelOLS,4,2,2,0,4,2,2,2,-6.812574248209622e-07,0.0017351766207380655,0.0017351766207380655,0.0005703862898684073,69580,73673,h13_1_competition
H13.1,z_log_TotalSimilarity,positive,PanelOLS,4,2,2,2,4,4,4,2,0.0010410817988519962,0.002678771788270055,0.002678771788270055,0.0009682239625044737,69580,73673,h13_1_competition
H13.1,UncAnsMgr_c_x_zlogTSIMM,positive,PanelOLS,4,4,4,0,4,4,4,4,0.001138771112578585,0.0024587635956425107,0.0024587635956425107,0.0008776870591915609,69580,73673,h13_1_competition
H13.1.r,UncAnsCEO_c,positive,PanelOLS,4,3,2,0,4,2,2,0,0.000416322235822776,0.0012596687294629814,0.0012596687294629814,0.00046677519843801277,60094,63716,h13_1_competition_robustness
H13.1.r,z_log_TotalSimilarity,positive,PanelOLS,4,2,2,2,4,4,4,2,0.0010096884913995345,0.0029798183197739573,0.0029798183197739573,0.001103760497098178,60094,63716,h13_1_competition_robustness
H13.1.r,UncAnsCEO_c_x_zlogTSIMM,positive,PanelOLS,4,0,0,0,4,4,3,0,0.0005953616549428383,0.0014539053932233893,0.0014539053932233893,0.0007559877945211534,60094,63716,h13_1_competition_robustness
H13.2,UncAnsCEO,none,PanelOLS,0,0,0,0,16,0,0,0,-0.0012885567244262488,0.0005140395995766276,0.0012885567244262488,0.0008023900913187797,41091,58897,h13_2_capex_leads
H13.2,UncPreCEO,none,PanelOLS,0,0,0,0,16,0,0,0,-0.0016022431195278142,0.00023537849967573884,0.0016022431195278142,0.0008660952621139066,41091,58897,h13_2_capex_leads
H13.2,UncAnsMgr,none,PanelOLS,0,0,0,0,16,10,8,8,9.318383104528153e-05,0.007063320137602509,0.007063320137602509,0.0010145561264530531,41091,58897,h13_2_capex_leads
H13.2,UncPreMgr,none,PanelOLS,0,0,0,0,16,1,0,0,-0.0020330259738037953,0.0022891635649907173,0.0022891635649907173,0.0012178703669393403,41091,58897,h13_2_capex_leads
H13.2.r,UncAnsCEO,none,PanelOLS,0,0,0,0,16,6,6,4,-0.00017537517779804587,0.0031868243352392283,0.0031868243352392283,0.000574261690563836,38613,55299,h13_2_capex_leads_robustness
H13.2.r,UncAnsNoCEO,none,PanelOLS,0,0,0,0,16,6,5,4,-0.00010121188402318626,0.0018999912168096926,0.0018999912168096926,0.00032594599896095975,38613,55299,h13_2_capex_leads_robustness
H13.2.r,UncPreCEO,none,PanelOLS,0,0,0,0,16,0,0,0,-0.0012886344059451168,0.0003271026092119613,0.0012886344059451168,0.000721347204155033,38613,55299,h13_2_capex_leads_robustness
H13.2.r,UncPreNoCEO,none,PanelOLS,0,0,0,0,16,3,1,0,-0.0011007690984184777,0.00106551254892862,0.0011007690984184777,0.000601478460406157,38613,55299,h13_2_capex_leads_robustness
H13.3,UncAnsCEO_c,positive,PanelOLS,4,4,3,2,4,2,2,2,0.000511351198452395,0.0015195055281349548,0.0015195055281349548,0.00046768599884308416,56546,58134,h13_3_capex_constraint
H13.3,Unrated,positive,PanelOLS,4,1,1,1,4,1,1,1,-0.0043927953358576625,0.004496398966938779,0.004496398966938779,0.0015576683254456664,56546,58134,h13_3_capex_constraint
H13.3,UncAnsCEO_c_x_Unrated,positive,PanelOLS,4,0,0,0,4,0,0,0,-0.0009879050210441212,0.0002802773543471879,0.0009879050210441212,0.0012047099155319478,56546,58134,h13_3_capex_constraint
H13,UncAnsCEO,none,PanelOLS,6,3,1,0,6,0,0,0,-0.00028427953347797915,0.0012066106175625927,0.0012066106175625927,0.0005724915640437455,58897,65105,h13_capex
H13,UncPreCEO,none,PanelOLS,6,0,0,0,6,0,0,0,3.199855061045863e-05,0.0008240629606394902,0.0008240629606394902,0.0007409709484979274,58897,65105,h13_capex
H13,UncAnsMgr,none,PanelOLS,6,1,1,0,6,3,3,2,-0.0008578980479134452,0.004874728904277887,0.004874728904277887,0.0008113824474773997,58897,65105,h13_capex
H13,UncPreMgr,none,PanelOLS,6,0,0,0,6,1,0,0,-0.0020330259738037953,8.676579813458596e-05,0.0020330259738037953,0.0010842260007879842,58897,65105,h13_capex
H13.r,UncAnsCEO,none,PanelOLS,6,4,2,1,6,3,3,2,0.0004328942472360249,0.002757873832953235,0.002757873832953235,0.00044584197038441956,55299,61097,h13_capex_robustness
H13.r,UncAnsNoCEO,none,PanelOLS,6,1,1,0,6,3,3,1,-0.0001382160606361342,0.0013897293879592536,0.0013897293879592536,0.0002575555174118313,55299,61097,h13_capex_robustness
H13.r,UncPreCEO,none,PanelOLS,6,0,0,0,6,0,0,0,-0.0006833105033061292,0.0003271026092119613,0.0006833105033061292,0.000575998232340643,55299,61097,h13_capex_robustness
H13.r,UncPreNoCEO,none,PanelOLS,6,2,0,0,6,4,2,0,-0.0011200281560541116,-1.7087717875955327e-05,0.0011200281560541116,0.0005066253595295254,55299,61097,h13_capex_robustness
H14,UncAnsCEO,positive,PanelOLS,6,0,0,0,6,0,0,0,0.07212362525284922,0.3201142249525017,0.3201142249525017,0.2777492941252375,44132,63972,h14_bidask_spread
H14,UncPreCEO,positive,PanelOLS,6,0,0,0,6,0,0,0,-0.5044342226611921,0.018529700369188568,0.5044342226611921,0.2576480795442661,44132,63972,h14_bidask_spread
H14,UncAnsMgr,positive,PanelOLS,6,0,0,0,6,0,0,0,-0.7957422156891776,0.027346922439553233,0.7957422156891776,0.35469377694158943,44132,63972,h14_bidask_spread
H14,UncPreMgr,positive,PanelOLS,6,1,0,0,6,0,0,0,-0.5961362520859514,0.46568196128250494,0.5961362520859514,0.32710407941552994,44132,63972,h14_bidask_spread
H14.r,UncAnsCEO,positive,PanelOLS,6,0,0,0,6,0,0,0,-0.3173941246734146,0.19889724913244022,0.3173941246734146,0.19485433340904543,41604,60073,h14_bidask_spread_robustness
H14.r,UncAnsNoCEO,positive,PanelOLS,6,2,1,0,6,0,0,0,-0.2267828504236227,0.2319585558798503,0.2319585558798503,0.12347560372746148,41604,60073,h14_bidask_spread_robustness
H14.r,UncPreCEO,positive,PanelOLS,6,0,0,0,6,0,0,0,-0.44243810180119547,0.1635688564795209,0.44243810180119547,0.2019432253307183,41604,60073,h14_bidask_spread_robustness
H14.r,UncPreNoCEO,positive,PanelOLS,6,0,0,0,6,0,0,0,-0.3681014340257383,0.11545685812080382,0.3681014340257383,0.17330964980453317,41604,60073,h14_bidask_spread_robustness
H14b,UncAnsCEO,positive,PanelOLS,6,0,0,0,6,3,0,0,0.13880584599668078,0.4554511936362188,0.4554511936362188,0.2990867918365334,60368,63972,h14b_spread_level
H14b,UncPreCEO,positive,PanelOLS,6,0,0,0,6,0,0,0,-0.4983813798446346,0.027174572751619948,0.4983813798446346,0.26964768481509666,60368,63972,h14b_spread_level
H14b,UncAnsMgr,positive,PanelOLS,6,1,1,1,6,1,1,1,-0.878275532185736,1.2029105676360186,1.2029105676360186,0.3936733741954042,60368,63972,h14b_spread_level
H14b,UncPreMgr,positive,PanelOLS,6,2,1,1,6,1,1,1,-0.38066332675068104,1.8836870860167934,1.8836870860167934,0.39119960353540767,60368,63972,h14b_spread_level
H14b.r,UncAnsCEO,positive,PanelOLS,6,1,1,1,6,1,1,1,-0.2747042992723161,0.8764914475110618,0.8764914475110618,0.2060067003665736,56894,60073,h14b_spread_level_robustness
H14b.r,UncAnsNoCEO,positive,PanelOLS,6,1,0,0,6,1,1,1,-0.33205973048127124,0.33583784633132374,0.33583784633132374,0.13490140715986237,56894,60073,h14b_spread_level_robustness
H14b.r,UncPreCEO,positive,PanelOLS,6,1,1,1,6,1,1,0,-0.31610656159105205,0.5904025096972229,0.5904025096972229,0.21616443510747035,56894,60073,h14b_spread_level_robustness
H14b.r,UncPreNoCEO,positive,PanelOLS,6,1,1,1,6,5,4,3,-0.009650395453367508,1.0624003358784218,1.0624003358784218,0.19308524031654622,56894,60073,h14b_spread_level_robustness
H14c,UncAnsCEO,positive,PanelOLS,6,0,0,0,6,5,2,0,-0.10410199271108002,0.4414083159246801,0.4414083159246801,0.15856958925500828,44092,63899,h14c_spread_bgt_level
H14c,UncPreCEO,positive,PanelOLS,6,3,2,1,6,0,0,0,-0.24263687571532527,0.4254714088650406,0.4254714088650406,0.1621878142151246,44092,63899,h14c_spread_bgt_level
H14c,UncAnsMgr,positive,PanelOLS,6,1,0,0,6,1,1,1,-0.6550848258200745,0.5779617410433375,0.6550848258200745,0.22935794335656157,44092,63899,h14c_spread_bgt_level
H14c,UncPreMgr,positive,PanelOLS,6,1,1,1,6,3,1,1,-0.012327196816788559,0.9475968241190252,0.9475968241190252,0.2112364503593989,44092,63899,h14c_spread_bgt_level
H14c.r,UncAnsCEO,positive,PanelOLS,6,1,0,0,6,1,1,1,-0.22246333453069947,0.5630640805002177,0.5630640805002177,0.12058366699275287,41563,60002,h14c_spread_bgt_level_robustness
H14c.r,UncAnsNoCEO,positive,PanelOLS,6,1,0,0,6,1,1,1,-0.11092518690181437,0.29939791542025296,0.29939791542025296,0.08129701782084629,41563,60002,h14c_spread_bgt_level_robustness
H14c.r,UncPreCEO,positive,PanelOLS,6,4,4,2,6,1,1,0,-0.13066848770388886,0.46634512815372464,0.46634512815372464,0.12769706720249988,41563,60002,h14c_spread_bgt_level_robustness
H14c.r,UncPreNoCEO,positive,PanelOLS,6,1,1,1,6,2,1,1,-0.03866779974064543,0.371067029001936,0.371067029001936,0.10069507966068558,41563,60002,h14c_spread_bgt_level_robustness
H14d,UncAnsCEO,positive,PanelOLS,6,0,0,0,6,1,0,0,0.0032867303898022277,0.18301342176950483,0.18301342176950483,0.13753094587961512,43282,62480,h14d_spread_bgt_delta
H14d,UncPreCEO,positive,PanelOLS,6,0,0,0,6,0,0,0,-0.10489455335250601,0.06182132429738851,0.10489455335250601,0.11384578054665402,43282,62480,h14d_spread_bgt_delta
H14d,UncAnsMgr,positive,PanelOLS,6,0,0,0,6,0,0,0,-0.40448871248576396,0.017728281104519437,0.40448871248576396,0.16484853848974107,43282,62480,h14d_spread_bgt_delta
H14d,UncPreMgr,positive,PanelOLS,6,0,0,0,6,0,0,0,-0.261092433274688,0.12937264315756114,0.261092433274688,0.14379948166229287,43282,62480,h14d_spread_bgt_delta
H14d.r,UncAnsCEO,positive,PanelOLS,6,0,0,0,6,0,0,0,-0.16092441082189524,0.07541836477653162,0.16092441082189524,0.0961477145945713,40785,58647,h14d_spread_bgt_delta_robustness
H14d.r,UncAnsNoCEO,positive,PanelOLS,6,0,0,0,6,0,0,0,-0.09838080178949452,0.062245530482823275,0.09838080178949452,0.056601929918713205,40785,58647,h14d_spread_bgt_delta_robustness
H14d.r,UncPreCEO,positive,PanelOLS,6,0,0,0,6,0,0,0,-0.19633721100345597,0.060655441569025276,0.19633721100345597,0.09097200679269503,40785,58647,h14d_spread_bgt_delta_robustness
H14d.r,UncPreNoCEO,positive,PanelOLS,6,0,0,0,6,0,0,0,-0.1372398027312085,0.040607108966430994,0.1372398027312085,0.07777374712119847,40785,58647,h14d_spread_bgt_delta_robustness
H14e,UncAnsCEO,positive,PanelOLS,6,0,0,0,6,2,2,0,-0.05363763340376579,0.3316602451121583,0.3316602451121583,0.1461998057126836,44100,63936,h14e_spread_bgt_avg
H14e,UncPreCEO,positive,PanelOLS,6,3,2,0,6,0,0,0,-0.16983503175186207,0.3705409094537953,0.3705409094537953,0.1437183905773529,44100,63936,h14e_spread_bgt_avg
H14e,UncAnsMgr,positive,PanelOLS,6,0,0,0,6,1,1,1,-0.48942638922110004,0.4651441131445866,0.48942638922110004,0.21291259191744089,44100,63936,h14e_spread_bgt_avg
H14e,UncPreMgr,positive,PanelOLS,6,1,1,1,6,2,1,1,-0.014848044359580218,0.6978704618395748,0.6978704618395748,0.18836570357238427,44100,63936,h14e_spread_bgt_avg
H14e.r,UncAnsCEO,positive,PanelOLS,6,0,0,0,6,1,1,1,-0.18448962521798423,0.4166255265454606,0.4166255265454606,0.11188953066586035,41570,60035,h14e_spread_bgt_avg_robustness
H14e.r,UncAnsNoCEO,positive,PanelOLS,6,0,0,0,6,1,1,1,-0.12772107100052751,0.22194115288817792,0.22194115288817792,0.0726476176215142,41570,60035,h14e_spread_bgt_avg_robustness
H14e.r,UncPreCEO,positive,PanelOLS,6,5,4,3,6,1,1,0,-0.10243341077676761,0.47587380458867123,0.47587380458867123,0.11260758424558655,41570,60035,h14e_spread_bgt_avg_robustness
H14e.r,UncPreNoCEO,positive,PanelOLS,6,1,1,1,6,1,1,1,-0.0336064855943401,0.27458753660751267,0.27458753660751267,0.08999935986468705,41570,60035,h14e_spread_bgt_avg_robustness
H16,UncAnsCEO,none,PanelOLS,6,0,0,0,6,0,0,0,-0.02048446584246017,0.012599908607437387,0.02048446584246017,0.021212591337879557,58970,65086,h16_rd_sales
H16,UncPreCEO,none,PanelOLS,6,0,0,0,6,0,0,0,-0.013847523736889206,0.018110695533704525,0.018110695533704525,0.013579226370443388,58970,65086,h16_rd_sales
H16,UncAnsMgr,none,PanelOLS,6,0,0,0,6,0,0,0,0.0010394709613920573,0.025491439444741294,0.025491439444741294,0.028998138038665314,58970,65086,h16_rd_sales
H16,UncPreMgr,none,PanelOLS,6,0,0,0,6,0,0,0,-0.011923173132953161,0.019567161129244108,0.019567161129244108,0.01626800321506348,58970,65086,h16_rd_sales
H16.r,UncAnsCEO,none,PanelOLS,6,1,0,0,6,3,1,0,-0.01478259122607917,0.019992438512011098,0.019992438512011098,0.007938369371243323,55367,61096,h16_rd_sales_robustness
H16.r,UncAnsNoCEO,none,PanelOLS,6,0,0,0,6,0,0,0,-0.002550283928039842,0.004888123353325971,0.004888123353325971,0.0045427189064058075,55367,61096,h16_rd_sales_robustness
H16.r,UncPreCEO,none,PanelOLS,6,2,0,0,6,0,0,0,-0.003224035841685032,0.015163583764022015,0.015163583764022015,0.00814589533906757,55367,61096,h16_rd_sales_robustness
H16.r,UncPreNoCEO,none,PanelOLS,6,0,0,0,6,0,0,0,-0.007246093825308799,0.0027509475142984924,0.007246093825308799,0.00657453624042735,55367,61096,h16_rd_sales_robustness
H17,UncAnsCEO,none,PanelOLS,6,0,0,0,6,0,0,0,-7.936002772874802e-05,0.00012211406486897411,0.00012211406486897411,0.0002447183142561712,57529,61030,h17_repurchase_intensity
H17,UncPreCEO,none,PanelOLS,6,0,0,0,6,1,0,0,-0.0001379962997003831,0.00043531141313081127,0.00043531141313081127,0.00028698145895919374,57529,61030,h17_repurchase_intensity
H17,UncAnsMgr,none,PanelOLS,6,3,3,1,6,1,1,0,-0.0008092885844648482,7.834492183871861e-05,0.0008092885844648482,0.00030212602264724064,57529,61030,h17_repurchase_intensity
H17,UncPreMgr,none,PanelOLS,6,6,4,0,6,1,0,0,0.000448509844329823,0.0006915014835129882,0.0006915014835129882,0.0003351150568320286,57529,61030,h17_repurchase_intensity
H17.r,UncAnsCEO,none,PanelOLS,6,3,1,0,6,3,2,0,-0.0004365084927108359,7.644752834722852e-06,0.0004365084927108359,0.00017248161180939947,54033,57334,h17_repurchase_intensity_robustness
H17.r,UncAnsNoCEO,none,PanelOLS,6,2,0,0,6,1,1,0,-0.00023784898808295506,-1.4783248033047625e-05,0.00023784898808295506,0.00010517887580952297,54033,57334,h17_repurchase_intensity_robustness
H17.r,UncPreCEO,none,PanelOLS,6,3,3,1,6,3,3,3,0.0001845406374280067,0.0006541354742581935,0.0006541354742581935,0.00022804566675955855,54033,57334,h17_repurchase_intensity_robustness
H17.r,UncPreNoCEO,none,PanelOLS,6,0,0,0,6,0,0,0,6.962468168856533e-05,0.0001522858094756936,0.0001522858094756936,0.00015004085963998893,54033,57334,h17_repurchase_intensity_robustness
H18,UncAnsCEO,positive,LPM,6,0,0,0,0,0,0,0,-0.0014367548187959982,-0.0007483915209189471,0.0014367548187959982,0.0009068402083190676,64172,66886,h18_cccl_received
H18,UncPreCEO,positive,LPM,6,0,0,0,0,0,0,0,-0.0004417311623268464,0.0003397486941598565,0.0004417311623268464,0.0008766663498299349,64172,66886,h18_cccl_received
H18,UncAnsMgr,positive,LPM,6,0,0,0,0,0,0,0,-0.0002981066365389235,0.0005629364738185406,0.0005629364738185406,0.0011363270669482125,64172,66886,h18_cccl_received
H18,UncPreMgr,positive,LPM,6,2,0,0,0,0,0,0,0.00125301549898783,0.001979928319926413,0.001979928319926413,0.0013102826615159356,64172,66886,h18_cccl_received
H18.r,UncAnsCEO,positive,LPM,6,0,0,0,0,0,0,0,-0.001526281289404287,-0.0005341821317391913,0.001526281289404287,0.0007109838489747353,60199,62704,h18_cccl_received_robustness
H18.r,UncAnsNoCEO,positive,LPM,6,0,0,0,0,0,0,0,-0.00031912585015072344,-0.000216063523267417,0.00031912585015072344,0.00045085274252734567,60199,62704,h18_cccl_received_robustness
H18.r,UncPreCEO,positive,LPM,6,2,2,0,0,0,0,0,0.0004598938336898683,0.0012226101901441882,0.0012226101901441882,0.0006975619571484763,60199,62704,h18_cccl_received_robustness
H18.r,UncPreNoCEO,positive,LPM,6,1,0,0,0,0,0,0,0.000538670816018248,0.00076967261837832,0.00076967261837832,0.0006068939483915719,60199,62704,h18_cccl_received_robustness
H18b,UncAnsCEO,positive,Logit,2,0,0,0,0,0,0,0,-0.0015719965501704684,-0.0012058676131708817,0.0015719965501704684,0.0009770867144512133,64172,66886,h18b_cccl_logit
H18b,UncPreCEO,positive,Logit,2,0,0,0,0,0,0,0,-0.0005095754986747457,9.932120478729418e-05,0.0005095754986747457,0.0008001406143558158,64172,66886,h18b_cccl_logit
H18b,UncAnsMgr,positive,Logit,2,0,0,0,0,0,0,0,-0.00037168123798588036,0.0001030506305791964,0.00037168123798588036,0.0011413157256385386,64172,66886,h18b_cccl_logit
H18b,UncPreMgr,positive,Logit,2,2,1,0,0,0,0,0,0.001243799144749696,0.0017537692776065446,0.0017537692776065446,0.0010070634098943874,64172,66886,h18b_cccl_logit
H18b.r,UncAnsCEO,positive,Logit,2,0,0,0,0,0,0,0,-0.0016008835340246119,-0.001570313747567519,0.0016008835340246119,0.0007558129810473416,60199,62704,h18b_cccl_logit_robustness
H18b.r,UncAnsNoCEO,positive,Logit,2,0,0,0,0,0,0,0,-0.000273610674719705,-0.00024429777067028386,0.000273610674719705,0.00045582744824075675,60199,62704,h18b_cccl_logit_robustness
H18b.r,UncPreCEO,positive,Logit,2,0,0,0,0,0,0,0,0.0006073311274527611,0.0007997993158434628,0.0007997993158434628,0.0006376973734884212,60199,62704,h18b_cccl_logit_robustness
H18b.r,UncPreNoCEO,positive,Logit,2,2,0,0,0,0,0,0,0.0005607084354447105,0.0006391475009815699,0.0006391475009815699,0.00043264420041646894,60199,62704,h18b_cccl_logit_robustness
H19b,UncAnsCEO,negative,PanelOLS,6,0,0,0,6,0,0,0,0.007294655176995524,0.014478023460010087,0.014478023460010087,0.008238286148407995,58871,65069,h19b_external_funding
H19b,UncPreCEO,negative,PanelOLS,6,0,0,0,6,0,0,0,-0.011515211378387399,0.005148737817316952,0.011515211378387399,0.009338474067856182,58871,65069,h19b_external_funding
H19b,UncAnsMgr,negative,PanelOLS,6,0,0,0,6,2,0,0,-0.01602974169272233,0.0015357851600042004,0.01602974169272233,0.01055569491909171,58871,65069,h19b_external_funding
H19b,UncPreMgr,negative,PanelOLS,6,0,0,0,6,0,0,0,-0.010408360862343067,0.02921413899070267,0.02921413899070267,0.013012117820134103,58871,65069,h19b_external_funding
H19b.r,UncAnsCEO,negative,PanelOLS,6,0,0,0,6,0,0,0,0.0010511478870192795,0.008185913047797783,0.008185913047797783,0.006384269524383375,55275,61063,h19b_external_funding_robustness
H19b.r,UncAnsNoCEO,negative,PanelOLS,6,0,0,0,6,0,0,0,-0.004513197727337464,0.007366962874256246,0.007366962874256246,0.003619162268288204,55275,61063,h19b_external_funding_robustness
H19b.r,UncPreCEO,negative,PanelOLS,6,0,0,0,6,3,0,0,-0.011924765360830892,0.011119231427052142,0.011924765360830892,0.0076258164710884795,55275,61063,h19b_external_funding_robustness
H19b.r,UncPreNoCEO,negative,PanelOLS,6,0,0,0,6,3,0,0,-0.011042553942610393,0.012279198300370721,0.012279198300370721,0.006777006811374884,55275,61063,h19b_external_funding_robustness
H1.1,UncAnsMgr_c,positive,PanelOLS,4,4,4,4,4,4,2,0,0.0024913892197018484,0.004558151865540344,0.004558151865540344,0.0014739994926415683,70191,73707,h1_1_cash_tsimm
H1.1,z_log_TotalSimilarity,positive,PanelOLS,4,4,4,2,4,4,4,4,0.0029100519118155604,0.010935997564006603,0.010935997564006603,0.0017023904846227601,70191,73707,h1_1_cash_tsimm
H1.1,UncAnsMgr_c_x_zlogTSIMM,positive,PanelOLS,4,0,0,0,4,0,0,0,-0.0027111280873015338,0.0016683711946065827,0.0027111280873015338,0.0019711504525612754,70191,73707,h1_1_cash_tsimm
H1.1.r,UncAnsCEO_c,positive,PanelOLS,4,4,4,2,4,4,2,0,0.0016285730008497694,0.0029197059349166657,0.0029197059349166657,0.0012010984644071844,60641,63739,h1_1_cash_tsimm_robustness
H1.1.r,z_log_TotalSimilarity,positive,PanelOLS,4,4,3,2,4,4,4,2,0.003009258369467335,0.011787091426363982,0.011787091426363982,0.0018865638894706115,60641,63739,h1_1_cash_tsimm_robustness
H1.1.r,UncAnsCEO_c_x_zlogTSIMM,positive,PanelOLS,4,0,0,0,4,0,0,0,-0.0028880924364917617,-0.00015662473955227712,0.0028880924364917617,0.0014976359040255484,60641,63739,h1_1_cash_tsimm_robustness
H1.1b,UncAnsMgr_c,positive,PanelOLS,4,4,4,4,4,4,2,0,0.003152240933669454,0.004400255658263773,0.004400255658263773,0.001809043405192542,70191,73707,h1_1b_cash_tsimm_binary
H1.1b,HighTSIMM,positive,PanelOLS,4,2,2,2,4,4,2,2,0.0013624476159695242,0.012233907099786596,0.012233907099786596,0.0020807617181864907,70191,73707,h1_1b_cash_tsimm_binary
H1.1b,UncAnsMgr_c_x_HighTSIMM,positive,PanelOLS,4,0,0,0,4,0,0,0,-0.0014431825421402675,0.0010496405744487892,0.0014431825421402675,0.0030678632268155035,70191,73707,h1_1b_cash_tsimm_binary
H1.1b.r,UncAnsCEO_c,positive,PanelOLS,4,4,4,4,4,4,2,1,0.002861820755625293,0.0036691758879103375,0.0036691758879103375,0.001491737892494081,60641,63739,h1_1b_cash_tsimm_binary_robustness
H1.1b.r,HighTSIMM,positive,PanelOLS,4,2,2,2,4,2,2,2,0.0005270552467281472,0.01227411060922711,0.01227411060922711,0.002212800250231786,60641,63739,h1_1b_cash_tsimm_binary_robustness
H1.1b.r,UncAnsCEO_c_x_HighTSIMM,positive,PanelOLS,4,0,0,0,4,0,0,0,-0.0024893106112230078,-0.0008406287095772531,0.0024893106112230078,0.00245032319476727,60641,63739,h1_1b_cash_tsimm_binary_robustness
H1.2,UncAnsMgr_c,positive,PanelOLS,4,4,4,4,4,4,3,0,0.002844898647556842,0.005266548582820013,0.005266548582820013,0.0014913146996492189,66216,67544,h1_2_cash_constraint
H1.2,Unrated,positive,PanelOLS,4,1,1,1,4,1,1,1,-0.0035300302174907923,0.010999028153793736,0.010999028153793736,0.003254792242883425,66216,67544,h1_2_cash_constraint
H1.2,UncAnsMgr_c_x_Unrated,positive,PanelOLS,4,4,4,2,4,4,4,3,0.003979903334005067,0.010962920233050386,0.010962920233050386,0.003637001995087838,66216,67544,h1_2_cash_constraint
H1.2.r,UncAnsCEO_c,positive,PanelOLS,4,4,4,2,4,4,3,0,0.0015254699964421217,0.003153312027484082,0.003153312027484082,0.0012177523318946599,57042,58157,h1_2_cash_constraint_robustness
H1.2.r,Unrated,positive,PanelOLS,4,1,1,1,4,1,1,1,-0.004681662674832735,0.01009490819053559,0.01009490819053559,0.003381364857577554,57042,58157,h1_2_cash_constraint_robustness
H1.2.r,UncAnsCEO_c_x_Unrated,positive,PanelOLS,4,2,0,0,4,2,1,0,0.00046167002749263124,0.006433320559947247,0.006433320559947247,0.003259457522193246,57042,58157,h1_2_cash_constraint_robustness
H1,UncAnsCEO,positive,PanelOLS,6,0,0,0,6,4,0,0,-0.00028087998891964826,0.002844047232490008,0.002844047232490008,0.0016167464714597157,59440,65128,h1_cash_holdings
H1,UncPreCEO,positive,PanelOLS,6,0,0,0,6,0,0,0,-0.0006981738060513373,0.002718556224660425,0.002718556224660425,0.002379916450699048,59440,65128,h1_cash_holdings
H1,UncAnsMgr,positive,PanelOLS,6,6,6,2,6,1,1,0,-0.00102412003567324,0.007235390975328841,0.007235390975328841,0.002324324261588325,59440,65128,h1_cash_holdings
H1,UncPreMgr,positive,PanelOLS,6,1,1,0,6,1,1,1,-0.003030009660296529,0.007828512608663164,0.007828512608663164,0.003151939434289209,59440,65128,h1_cash_holdings
H1.r,UncAnsCEO,positive,PanelOLS,6,6,6,5,6,6,4,1,0.0019405643327976131,0.00604884111794982,0.00604884111794982,0.001251714215801071,55809,61120,h1_cash_holdings_robustness
H1.r,UncAnsNoCEO,positive,PanelOLS,6,4,1,1,6,0,0,0,-0.0015148616554431394,0.0017745462399513167,0.0017745462399513167,0.0007323098024249516,55809,61120,h1_cash_holdings_robustness
H1.r,UncPreCEO,positive,PanelOLS,6,0,0,0,6,0,0,0,-0.0002786302059166569,0.002342715203062036,0.002342715203062036,0.0016091326525175564,55809,61120,h1_cash_holdings_robustness
H1.r,UncPreNoCEO,positive,PanelOLS,6,1,0,0,6,1,1,1,-0.0022114168635317603,0.0033638845445237413,0.0033638845445237413,0.0013627234341626504,55809,61120,h1_cash_holdings_robustness
H20b,UncAnsCEO,none,PanelOLS,6,0,0,0,6,0,0,0,-0.030055767245492224,0.003354159753864549,0.030055767245492224,0.02631946298310831,3404,13666,h20b_debt_choice
H20b,UncPreCEO,none,PanelOLS,6,2,1,0,6,0,0,0,-0.03824133842407066,-0.0031317702434477705,0.03824133842407066,0.03090281312108517,3404,13666,h20b_debt_choice
H20b,UncAnsMgr,none,PanelOLS,6,0,0,0,6,0,0,0,-0.02169852648697432,0.058306861768427184,0.058306861768427184,0.03435052438542889,3404,13666,h20b_debt_choice
H20b,UncPreMgr,none,PanelOLS,6,3,0,0,6,0,0,0,0.0017554769616133393,0.06273669762987776,0.06273669762987776,0.04398420355877774,3404,13666,h20b_debt_choice
H20b.r,UncAnsCEO,none,PanelOLS,6,0,0,0,6,0,0,0,-0.023998417136184585,-0.0003661007190821192,0.023998417136184585,0.01929953715677713,3190,12770,h20b_debt_choice_robustness
H20b.r,UncAnsNoCEO,none,PanelOLS,6,0,0,0,6,2,0,0,-0.018879170638228537,0.011129214011497277,0.018879170638228537,0.010992930744466865,3190,12770,h20b_debt_choice_robustness
H20b.r,UncPreCEO,none,PanelOLS,6,0,0,0,6,0,0,0,-0.026284539180181938,0.006485567496099459,0.026284539180181938,0.021985631213019424,3190,12770,h20b_debt_choice_robustness
H20b.r,UncPreNoCEO,none,PanelOLS,6,1,0,0,6,0,0,0,0.002823192800834543,0.03880622645716658,0.03880622645716658,0.019746366601382473,3190,12770,h20b_debt_choice_robustness
H21,UncAnsCEO,positive,PanelOLS,6,0,0,0,0,0,0,0,-0.0032380623837314775,-0.002639168507424285,0.0032380623837314775,0.00872223338506388,64172,66886,h21_sec_letters
H21,UncPreCEO,positive,PanelOLS,6,3,3,0,0,0,0,0,0.007316712707889547,0.015320775145118126,0.015320775145118126,0.008165200487409784,64172,66886,h21_sec_letters
H21,UncAnsMgr,positive,PanelOLS,6,0,0,0,0,0,0,0,-0.010926256987879199,-0.004341637170683065,0.010926256987879199,0.011383273021074121,64172,66886,h21_sec_letters
H21,UncPreMgr,positive,PanelOLS,6,0,0,0,0,0,0,0,-0.01969228972504327,-0.008978604196303388,0.01969228972504327,0.010954688343038017,64172,66886,h21_sec_letters
H21.r,UncAnsCEO,positive,PanelOLS,6,0,0,0,0,0,0,0,-0.011282002247237863,-0.007018092033939898,0.011282002247237863,0.006023251197654349,60199,62704,h21_sec_letters_robustness
H21.r,UncAnsNoCEO,positive,PanelOLS,6,0,0,0,0,0,0,0,-0.0023003532186182353,-0.0006118485002321484,0.0023003532186182353,0.003860381856208723,60199,62704,h21_sec_letters_robustness
H21.r,UncPreCEO,positive,PanelOLS,6,0,0,0,0,0,0,0,0.005206258830842879,0.007852406065018112,0.007852406065018112,0.00670979479919567,60199,62704,h21_sec_letters_robustness
H21.r,UncPreNoCEO,positive,PanelOLS,6,0,0,0,0,0,0,0,-0.002068561400595324,0.002047361511150379,0.002068561400595324,0.006023412916375909,60199,62704,h21_sec_letters_robustness
H22,UncAnsCEO,positive,PanelOLS,0,0,0,0,4,2,0,0,0.0038546241702475214,0.005862561884491417,0.005862561884491417,0.004183085959792847,8564,8621,h22_equity_constraints
H22,UncPreCEO,positive,PanelOLS,0,0,0,0,4,0,0,0,0.0024924571155711716,0.002975497550998859,0.002975497550998859,0.003843219180947227,8564,8621,h22_equity_constraints
H22,UncAnsMgr,positive,PanelOLS,0,0,0,0,4,0,0,0,-0.008914720105060272,-0.0031598659094942347,0.008914720105060272,0.005155390591672451,8564,8621,h22_equity_constraints
H22,UncPreMgr,positive,PanelOLS,0,0,0,0,4,0,0,0,-0.0075326033815301995,-0.004366940188039866,0.0075326033815301995,0.004825610439776258,8564,8621,h22_equity_constraints
H22.r,UncAnsCEO,positive,PanelOLS,0,0,0,0,4,0,0,0,0.000386553714633379,0.003330577984498699,0.003330577984498699,0.003174176246277511,8320,8376,h22_equity_constraints_robustness
H22.r,UncAnsNoCEO,positive,PanelOLS,0,0,0,0,4,0,0,0,-0.0023031960518884132,0.0004405360708788246,0.0023031960518884132,0.0018849654562216223,8320,8376,h22_equity_constraints_robustness
H22.r,UncPreCEO,positive,PanelOLS,0,0,0,0,4,0,0,0,-0.00087422027985377,0.0009999498411831919,0.0009999498411831919,0.003157279620396697,8320,8376,h22_equity_constraints_robustness
H22.r,UncPreNoCEO,positive,PanelOLS,0,0,0,0,4,0,0,0,-0.003955293019180474,-0.002597244763887187,0.003955293019180474,0.0022498379060102345,8320,8376,h22_equity_constraints_robustness
H23,z_log_TotalSimilarity,positive,PanelOLS,12,5,5,3,0,0,0,0,-0.02393011340841792,0.030407019088121816,0.030407019088121816,0.008978004177172545,18447,20774,h23_competition_uncertainty
H24,US_EPU_log,positive,PanelOLS,12,7,5,2,0,0,0,0,0.0006026481279977774,0.02386312574346774,0.02386312574346774,0.007368896563184022,59676,75142,h24_us_epu
H24b,GEPU_log,positive,PanelOLS,12,9,5,3,0,0,0,0,0.005347516219361456,0.03093017683951051,0.03093017683951051,0.01082167320400966,59676,75142,h24b_global_epu
H25,GPR_log,positive,PanelOLS,12,1,0,0,0,0,0,0,-0.011929133852221847,0.014657636178063368,0.014657636178063368,0.009986881363419443,59676,75142,h25_gpr
H4a,UncAnsCEO,negative,PanelOLS,6,0,0,0,6,0,0,0,-0.00028061243452836003,0.005626992364479034,0.005626992364479034,0.002554067292735346,59447,65132,h4_leverage
H4a,UncPreCEO,negative,PanelOLS,6,0,0,0,6,0,0,0,-0.001508184858394971,0.004502818137803507,0.004502818137803507,0.0026697626696555376,59447,65132,h4_leverage
H4a,UncAnsMgr,negative,PanelOLS,6,0,0,0,6,6,4,0,-0.007399504941014386,0.0003641217128346129,0.007399504941014386,0.0033072683287757093,59447,65132,h4_leverage
H4a,UncPreMgr,negative,PanelOLS,6,0,0,0,6,0,0,0,-0.0001482861582540507,0.002126125775685721,0.002126125775685721,0.0039507783689910845,59447,65132,h4_leverage
H4b,UncAnsCEO,negative,PanelOLS,6,0,0,0,6,0,0,0,-0.0004977422239244108,0.005059700325080494,0.005059700325080494,0.004120710938716136,59190,64895,h4_leverage
H4b,UncPreCEO,negative,PanelOLS,6,0,0,0,6,0,0,0,-0.0018267325371481484,0.005881828665409143,0.005881828665409143,0.0041561968377394135,59190,64895,h4_leverage
H4b,UncAnsMgr,negative,PanelOLS,6,0,0,0,6,5,1,1,-0.015424447013949698,0.0014852165585372598,0.015424447013949698,0.0054558117069049335,59190,64895,h4_leverage
H4b,UncPreMgr,negative,PanelOLS,6,0,0,0,6,0,0,0,-0.007784792279012083,0.002185106933455765,0.007784792279012083,0.006268965294651969,59190,64895,h4_leverage
H4a.r,UncAnsCEO,negative,PanelOLS,6,0,0,0,6,0,0,0,-0.0009771229256819649,0.0023863129124667573,0.0023863129124667573,0.0018260042278079468,55816,61124,h4_leverage_robustness
H4a.r,UncAnsNoCEO,negative,PanelOLS,6,0,0,0,6,1,0,0,-0.0018164408782880039,0.0004197339751783193,0.0018164408782880039,0.000993888203573149,55816,61124,h4_leverage_robustness
H4a.r,UncPreCEO,negative,PanelOLS,6,0,0,0,6,0,0,0,-0.0010542728899664683,0.005193400747307314,0.005193400747307314,0.002189263723956242,55816,61124,h4_leverage_robustness
H4a.r,UncPreNoCEO,negative,PanelOLS,6,0,0,0,6,0,0,0,-0.0006619173772878046,0.000713876600105737,0.000713876600105737,0.0019187477127967543,55816,61124,h4_leverage_robustness
H4b.r,UncAnsCEO,negative,PanelOLS,6,0,0,0,6,1,0,0,-0.004976089620561755,0.0017467292924340033,0.004976089620561755,0.0029308530716937856,55571,60906,h4_leverage_robustness
H4b.r,UncAnsNoCEO,negative,PanelOLS,6,0,0,0,6,1,1,0,-0.0040376232051744275,0.0009713603821608919,0.0040376232051744275,0.0015213373060064116,55571,60906,h4_leverage_robustness
H4b.r,UncPreCEO,negative,PanelOLS,6,0,0,0,6,0,0,0,-0.0014168099704704724,0.005517412434283323,0.005517412434283323,0.003434637005493419,55571,60906,h4_leverage_robustness
H4b.r,UncPreNoCEO,negative,PanelOLS,6,1,0,0,6,0,0,0,-0.0032661956466715405,-0.00013820210832810186,0.0032661956466715405,0.0030442158359143072,55571,60906,h4_leverage_robustness
H5,UncAnsCEO,positive,PanelOLS,6,0,0,0,6,0,0,0,-0.00020880045601738312,-0.00012594030759019437,0.00020880045601738312,6.19280616102915e-05,18406,20069,h5b_wang_disp
H5,UncPreCEO,positive,PanelOLS,6,0,0,0,6,0,0,0,-7.16667429658827e-05,6.523824149468074e-05,7.16667429658827e-05,6.538483681888701e-05,18406,20069,h5b_wang_disp
H5,UncAnsMgr,positive,PanelOLS,6,3,3,3,6,3,3,1,7.47456973875031e-05,0.00024659848627483,0.00024659848627483,8.684916002240464e-05,18406,20069,h5b_wang_disp
H5,UncPreMgr,positive,PanelOLS,6,6,4,1,6,6,5,1,0.00010285705423682836,0.0002524180336592919,0.0002524180336592919,8.082301914816178e-05,18406,20069,h5b_wang_disp
H5.r,UncAnsCEO,positive,PanelOLS,6,0,0,0,6,0,0,0,-0.00015928062089240564,2.5933099907086005e-06,0.00015928062089240564,4.714709869374542e-05,17427,18992,h5b_wang_disp_robustness
H5.r,UncAnsNoCEO,positive,PanelOLS,6,3,3,1,6,3,3,3,1.4848109768397035e-05,0.00011061665284258214,0.00011061665284258214,3.272274376661746e-05,17427,18992,h5b_wang_disp_robustness
H5.r,UncPreCEO,positive,PanelOLS,6,4,2,1,6,2,1,0,-1.467594566165783e-05,0.00012519549119121767,0.00012519549119121767,5.388547283305854e-05,17427,18992,h5b_wang_disp_robustness
H5.r,UncPreNoCEO,positive,PanelOLS,6,4,1,0,6,1,0,0,1.6134245477765805e-05,8.52003850480637e-05,8.52003850480637e-05,4.348519032126212e-05,17427,18992,h5b_wang_disp_robustness
H7,UncAnsCEO,positive,PanelOLS,6,0,0,0,6,0,0,0,0.0003331640947216882,0.0005102617392734663,0.0005102617392734663,0.0005367482429503404,60182,63736,h7_illiquidity
H7,UncPreCEO,positive,PanelOLS,6,1,0,0,6,0,0,0,0.0001569468953551237,0.000764620923705641,0.000764620923705641,0.0004429424454673653,60182,63736,h7_illiquidity
H7,UncAnsMgr,positive,PanelOLS,6,0,0,0,6,0,0,0,-0.0013428941692087786,5.549697325516931e-05,0.0013428941692087786,0.0007000056347759661,60182,63736,h7_illiquidity
H7,UncPreMgr,positive,PanelOLS,6,0,0,0,6,0,0,0,-0.0008984080284915065,0.00020347935931533905,0.0008984080284915065,0.00049430516448358,60182,63736,h7_illiquidity
H7.r,UncAnsCEO,positive,PanelOLS,6,0,0,0,6,0,0,0,-0.0004128379770725466,0.0003428963459435132,0.0004128379770725466,0.0003287611985581945,56737,59870,h7_illiquidity_robustness
H7.r,UncAnsNoCEO,positive,PanelOLS,6,0,0,0,6,0,0,0,-0.000388172054870607,-8.931701170645869e-05,0.000388172054870607,0.0002275882985436959,56737,59870,h7_illiquidity_robustness
H7.r,UncPreCEO,positive,PanelOLS,6,4,2,0,6,0,0,0,-6.423121906115069e-05,0.0005190827503890949,0.0005190827503890949,0.00032556189906918155,56737,59870,h7_illiquidity_robustness
H7.r,UncPreNoCEO,positive,PanelOLS,6,0,0,0,6,0,0,0,-0.00045501685832869407,0.00030108655733143463,0.00045501685832869407,0.00025893748703315056,56737,59870,h7_illiquidity_robustness
H7b,UncAnsCEO,positive,PanelOLS,6,0,0,0,6,0,0,0,-0.0008024777860172839,0.0005467042126162076,0.0008024777860172839,0.0009595930276566964,60182,63736,h7b_amihud_level
H7b,UncPreCEO,positive,PanelOLS,6,0,0,0,6,0,0,0,-0.0009059941515218592,0.000267619264966449,0.0009059941515218592,0.0008807645479588088,60182,63736,h7b_amihud_level
H7b,UncAnsMgr,positive,PanelOLS,6,0,0,0,6,0,0,0,-0.0012701276877618082,0.0008697210210881579,0.0012701276877618082,0.0012596174479921945,60182,63736,h7b_amihud_level
H7b,UncPreMgr,positive,PanelOLS,6,1,1,0,6,1,1,1,-0.0010649892246018644,0.0018523407676826662,0.0018523407676826662,0.0012703438368854077,60182,63736,h7b_amihud_level
H7b.r,UncAnsCEO,positive,PanelOLS,6,0,0,0,6,1,0,0,-0.001368688682549922,0.0007181215842278628,0.001368688682549922,0.0006050435246872722,56737,59870,h7b_amihud_level_robustness
H7b.r,UncAnsNoCEO,positive,PanelOLS,6,0,0,0,6,0,0,0,-0.0005359706302858937,0.0003572074227345823,0.0005359706302858937,0.00041543077500118616,56737,59870,h7b_amihud_level_robustness
H7b.r,UncPreCEO,positive,PanelOLS,6,0,0,0,6,0,0,0,-0.0007103493978558912,0.00015346469808100592,0.0007103493978558912,0.0006111647637426537,56737,59870,h7b_amihud_level_robustness
H7b.r,UncPreNoCEO,positive,PanelOLS,6,1,0,0,6,1,1,1,-0.0007216489846708705,0.0009034313398075703,0.0009034313398075703,0.0005944041468146664,56737,59870,h7b_amihud_level_robustness
H7c,UncAnsCEO,positive,PanelOLS,6,6,6,0,6,0,0,0,0.0002016782798274789,0.0020250388681513796,0.0020250388681513796,0.0011185955001386362,60256,63806,h7c_amihud_bgt_level
H7c,UncPreCEO,positive,PanelOLS,6,0,0,0,6,0,0,0,-0.0012231312833014443,-7.325336836539207e-06,0.0012231312833014443,0.0010514915037509278,60256,63806,h7c_amihud_bgt_level
H7c,UncAnsMgr,positive,PanelOLS,6,0,0,0,6,0,0,0,-0.0035425692057924054,0.0014406159280916557,0.0035425692057924054,0.001430833708779183,60256,63806,h7c_amihud_bgt_level
H7c,UncPreMgr,positive,PanelOLS,6,0,0,0,6,1,1,0,-0.0004902467199940333,0.0024129503177601264,0.0024129503177601264,0.0013087120867493617,60256,63806,h7c_amihud_bgt_level
H7c.r,UncAnsCEO,positive,PanelOLS,6,0,0,0,6,0,0,0,-0.00034448459036740177,0.0005451911030866111,0.0005451911030866111,0.0006916620768164997,56802,59935,h7c_amihud_bgt_level_robustness
H7c.r,UncAnsNoCEO,positive,PanelOLS,6,0,0,0,6,3,1,0,-0.0008390114922919027,0.001024026030111903,0.001024026030111903,0.00047424093108260773,56802,59935,h7c_amihud_bgt_level_robustness
H7c.r,UncPreCEO,positive,PanelOLS,6,0,0,0,6,0,0,0,-0.0010229809700442682,-0.00010598563229135893,0.0010229809700442682,0.0008529656580197028,56802,59935,h7c_amihud_bgt_level_robustness
H7c.r,UncPreNoCEO,positive,PanelOLS,6,0,0,0,6,3,1,1,-0.0004812287085701676,0.0013460521938229242,0.0013460521938229242,0.000542692512762016,56802,59935,h7c_amihud_bgt_level_robustness
H7d,UncAnsCEO,positive,PanelOLS,6,0,0,0,6,0,0,0,3.599555385811023e-05,0.0003262076001539692,0.0003262076001539692,0.000553532748688581,60036,63537,h7d_amihud_bgt_delta
H7d,UncPreCEO,positive,PanelOLS,6,0,0,0,6,4,3,2,-0.00034343556861800994,0.0009575958614495252,0.0009575958614495252,0.00045087693630760524,60036,63537,h7d_amihud_bgt_delta
H7d,UncAnsMgr,positive,PanelOLS,6,1,0,0,6,0,0,0,-0.0005730918888227257,0.0010943717316157855,0.0010943717316157855,0.0007604698214757142,60036,63537,h7d_amihud_bgt_delta
H7d,UncPreMgr,positive,PanelOLS,6,0,0,0,6,0,0,0,-0.0016998018722656418,0.00031208015147764966,0.0016998018722656418,0.0005814352782512346,60036,63537,h7d_amihud_bgt_delta
H7d.r,UncAnsCEO,positive,PanelOLS,6,3,1,0,6,0,0,0,-0.00024001295429749823,0.0006010747508430807,0.0006010747508430807,0.00039257933441843267,56602,59692,h7d_amihud_bgt_delta_robustness
H7d.r,UncAnsNoCEO,positive,PanelOLS,6,0,0,0,6,0,0,0,-0.0005540675900783849,0.00026823565946965247,0.0005540675900783849,0.00026959207906969776,56602,59692,h7d_amihud_bgt_delta_robustness
H7d.r,UncPreCEO,positive,PanelOLS,6,0,0,0,6,4,3,1,-0.0006237974482587504,0.0006416333325127091,0.0006416333325127091,0.00034340516827233793,56602,59692,h7d_amihud_bgt_delta_robustness
H7d.r,UncPreNoCEO,positive,PanelOLS,6,0,0,0,6,0,0,0,-0.0006977358334864196,0.0003280811684665562,0.0006977358334864196,0.00030564176898911023,56602,59692,h7d_amihud_bgt_delta_robustness
H7e,UncAnsCEO,positive,PanelOLS,6,0,0,0,6,0,0,0,3.7394378355496815e-06,0.001011143508176805,0.001011143508176805,0.0012974437787436506,60256,63816,h7e_amihud_bgt_avg
H7e,UncPreCEO,positive,PanelOLS,6,0,0,0,6,0,0,0,-0.0017962802948626728,-0.00020187271840586162,0.0017962802948626728,0.0012655285821373803,60256,63816,h7e_amihud_bgt_avg
H7e,UncAnsMgr,positive,PanelOLS,6,0,0,0,6,0,0,0,-0.0039578498394287264,0.001398583994879662,0.0039578498394287264,0.0016234703719032282,60256,63816,h7e_amihud_bgt_avg
H7e,UncPreMgr,positive,PanelOLS,6,1,1,0,6,1,0,0,-0.00033457241374686093,0.0019578716919677144,0.0019578716919677144,0.0014924235841610209,60256,63816,h7e_amihud_bgt_avg
H7e.r,UncAnsCEO,positive,PanelOLS,6,0,0,0,6,0,0,0,-0.0014821711814512828,0.0005818364734864331,0.0014821711814512828,0.0008133936858816722,56803,59943,h7e_amihud_bgt_avg_robustness
H7e.r,UncAnsNoCEO,positive,PanelOLS,6,0,0,0,6,0,0,0,-0.0008238818283330047,0.00047520675010141695,0.0008238818283330047,0.0005401389392469068,56803,59943,h7e_amihud_bgt_avg_robustness
H7e.r,UncPreCEO,positive,PanelOLS,6,0,0,0,6,0,0,0,-0.0016147546972478692,-0.0002956933912169804,0.0016147546972478692,0.0009949716319645754,56803,59943,h7e_amihud_bgt_avg_robustness
H7e.r,UncPreNoCEO,positive,PanelOLS,6,0,0,0,6,2,1,0,-0.0009136345052863001,0.0009025844618251058,0.0009136345052863001,0.000658360161891666,56803,59943,h7e_amihud_bgt_avg_robustness
