id,severity,location,claim,evidence,exploitation,remedy,confidence
F01,MAJOR,"REV22_CHANGE_LOG.md, section 'R22-10, the guard that defended the wrong direction': 'misflagged calls dilute a binary treatment indicator and drag the estimate toward zero, so the effect was found despite the flaw rather than because of it.'",The design does not establish that unobserved negotiation-onset error must attenuate the PRE1 coefficient toward zero.,"thesis_main_analysis.tex states that SDC supplies announcement, completion or withdrawal dates and payment composition, and defines PRE1 only as the quarter before announcement; no supplied thesis file observes negotiation onset. The change log itself says that onset is unobserved.","An examiner can ask whether late-starting negotiations are systematically associated with deal complexity, payment method, distress, call timing, or CEO uncertainty. Because true onset is unobserved, the candidate cannot show that the misclassification is nondifferential or that the bias has a known sign.","Do not say the flaw necessarily drags the estimate toward zero. Say: 'Under classical, nondifferential contamination it would attenuate the estimate, but onset is unobserved, so I cannot sign the bias. The coefficient is an announcement-anchored average association, not an identified effect of being in negotiations.'",HIGH
F02,MAJOR,"REV22_CHANGE_LOG.md, section 5: 'The PRE1 and PRE2 shape ... shows ... that the signal is tightly timed and has no pre-trend.' Also DEFENSE_LEDGER.md Q15 answer sketch.",A single statistically insignificant PRE2 coefficient does not establish that there is no pre-trend or that the signal is tightly timed.,"thesis_main_analysis.tex reports PRE2 = 0.0068 with SE 0.0178 and explicitly calls it a validity check, not proof of identification. Its approximate 95% interval is about [-0.028, 0.042], which includes economically nontrivial earlier movement.","An examiner can ask for an equivalence test, a joint test of multiple leads, or power against a smaller earlier effect. The phrase 'no pre-trend' then becomes an unsupported certainty claim.","Use: 'There is no statistically detected elevation at PRE2. That is consistent with a concentrated PRE1 pattern, but it does not prove the absence of earlier drift and it says nothing about negotiations beginning after the PRE1 call.'",HIGH
F03,MINOR,"Slide 12, box 03: 'The data mark the announcement date, not when negotiations began.'","The sentence names the missing timestamp but does not state the inferential consequence, and it treats negotiation onset as though it were automatically the same as the onset of a material withholding state or CEO knowledge.","thesis_main_analysis.tex defines event time from announcement, completion, and withdrawal dates; thesis_conclusion.tex says the measure is not a direct reading of what the CEO knows. The supplied thesis does not observe negotiation onset, materiality onset, or knowledge onset.","An examiner can immediately ask how many PRE1 calls occurred before negotiations, whether the CEO knew, and why the result should be interpreted as a withholding-state trace. The slide raises the attack without bounding the answer.","Either remove the point from the main deck and prepare it orally, or write: 'Event time is anchored on announcement; negotiation onset is unobserved, so PRE1 is a proxy for the possible withholding window, not proof that every flagged call occurred during negotiations.'",HIGH
F04,MINOR,"Slide 12, box 04 heading: 'Imperfect instruments'.",The heading uses 'instruments' for a word-count measure and a comparison group even though the thesis uses no instrumental-variable design.,"The box text discusses a finance-specific word count and stock deals as an imperfect comparison. thesis_conclusion.tex treats these as separate measurement and counterfactual limitations, not as instruments.","A finance or econometrics examiner can ask what the instruments are and what exclusion restriction they satisfy, forcing the candidate to explain that the heading was using the term colloquially.",Rename the box 'Measurement and comparison limits' or 'Imperfect measure and comparison'. The merged substantive sentence can remain.,HIGH
F05,MINOR,"Slide 5, positioning claim: 'No prior work occupies this exact cell.'",The deck converts the thesis's qualified literature-positioning claim into an unqualified universal claim.,thesis_intro.tex says: 'To our knowledge no prior work reads uncertainty language...' and explicitly calls this a positioning claim. Slide 5 omits 'To our knowledge'.,An examiner familiar with an adjacent paper can ask the candidate to prove exhaustive novelty. The candidate then has to retreat to the qualification that the thesis originally used.,"Restore the thesis register: 'To our knowledge, no prior work occupies this exact cell.'",HIGH
F06,MINOR,"Slide 12, left panel: 'CEO Q&A uncertainty tracks the point when an acquisition moves from private to public.'","The sentence drops 'residual' and implies exact-point timing, although the estimated outcome is residual CEO-answer uncertainty observed on quarterly calls and grouped into announcement-relative states.","thesis_main_analysis.tex defines UncResCEO as residual CEO Q&A answer uncertainty and estimates PRE1 and GAP bins. thesis_conclusion.tex describes an operationalization, not a direct reading of knowledge or an exact instant.",An examiner can ask whether raw CEO uncertainty shows the same pattern and how quarterly calls identify the exact point of transition. Neither claim is tested as stated.,Use: 'Residual CEO Q&A uncertainty differs across the final pre-announcement and post-announcement disclosure states.',HIGH
F07,MINOR,"verify_rev22.py lines 180-187: comment says no drawing may 'appear, vanish, or move'; code compares only len(page.get_drawings()).","The drawing check can pass when a chart, line, marker, or shape moves or changes, as long as the number of drawing objects stays constant.","The function drawing_count returns only len(page.get_drawings()), and verify_edit_scope compares the two integers. It never compares drawing geometry, paths, fill, stroke, or coordinates.","A chart point or axis can move while all named checks pass, allowing a numerically misleading slide to be accepted by the verifier.","Compare canonicalized drawing dictionaries and image hashes, or perform a rendered-pixel diff on every page. Keep the text-span comparison as a separate check rather than treating it as full visual fidelity.",HIGH
F08,MINOR,"verify_rev22.py lines 226-233, R22-04 check: '""SHOW - AND"" not in label_12.replace("" "", "" "")'.",The R22-04 check cannot reliably detect the old ASCII dash in the letter-spaced section label.,"replace(' ', ' ') is a no-op. REV21 extracts the old label as 'W H AT I T DOE S NOT SHOW - AND ...', so the contiguous pattern 'SHOW - AND' is absent even while the dash is present. The global dash scan checks only em and en dashes, not ASCII hyphens.","The old label, or a regression to it, can pass the named R22-04 check and the global em/en scan.","Normalize the letter-spaced heading before matching, or search the heading region/source string for the exact old punctuation. Include the ASCII dash in the targeted check.",HIGH
F09,MINOR,"REV22_CHANGE_LOG.md, 'What did not change': 'No ... citation ...'.",The change log falsely states that no citation changed.,"R22-09 in the same log says slide 12's footer was expanded, and the shipped PDF changes it from 'Conclusion, limitations and evidence-boundary paragraphs' to that text plus 'event-study design, Section 2.4.'",A reviewer relying on the change summary can skip source verification even though the source line was materially changed to support the new limitation.,"Correct the log to say that slide 12's source footer changed, while coefficients, standard errors, p-values, event labels, and chart points did not.",HIGH
