finding_id,slide,severity,defective_sentence,original_words,replacement_wording,replacement_words,word_delta,reason
U10-F01,1,MINOR,Not the prepared script: the unrehearsed part.,7,Not the prepared script: the less-scripted Q&A.,8,1,"Calling the Q&A “unrehearsed” is stronger than the thesis. The thesis distinguishes it from the prepared script but says it is less scripted and cannot be fully prepared, not that executives do no rehearsal or preparation."
U10-F02,2,MAJOR,In the United States there is no rule forcing it to announce merger talks.,14,In the United States there is generally no duty to announce confidential merger talks.,14,0,“No rule” is an absolute legal claim. The thesis deliberately states the narrower proposition that there is no general duty to disclose confidential merger talks.
U10-F03,2,MAJOR,The only move left is to answer around the question.,10,"It may decline comment; if it answers, it cannot confirm or mislead.",12,2,"The sentence makes deflection the only available response and omits the ordinary option of declining to comment or remaining silent. That omission is especially exposed because the thesis itself treats silence and non-answers as deliberate, informative choices."
U10-F04,5,MINOR,One distinction runs through all of it.,7,"The answers are less scripted, and the answers are where I look.",12,5,The absolute claim that answers are not written in advance exceeds the construct boundary. Executives can prepare likely Q&A topics and talking points even though the exchange is not a prepared script.
U10-F05,5,MAJOR,"What I did not find was work reading the uncertainty in a chief executive's unscripted answers, in the specific window when an acquisition is agreed but not yet announced.",29,What I did not find was work reading uncertainty in a chief executive's less-scripted answers in the announcement-anchored window before an acquisition becomes public.,24,-5,"The sentence presents the observed pre-announcement quarter as a verified period in which the acquisition is already agreed. The data observe announcement-relative quarters, not agreement, negotiation, materiality, or CEO-knowledge onset."
U10-F06,6,MINOR,"What survives tilts toward larger, better-covered firms with stable leadership.",10,"What survives tilts toward larger, better-covered firms and CEOs with repeated calls.",12,2,"“Stable leadership” is not an established sample characteristic. The five-call rule establishes repeated observations for a CEO, not a validated construct of leadership stability."
U10-F07,6,MINOR,The smallest firms are not in here at all.,9,Many smaller firms fall outside this sample.,7,-2,"The categorical statement that the smallest firms are entirely absent is not demonstrated by the thesis. Execucomp coverage is described as roughly the S&P 1500, and the thesis states a generalizability boundary rather than a verified zero count for every smallest-firm category."
U10-F08,7,MINOR,The problem is that people differ.,6,That can reflect persistent style rather than call-specific information.,9,3,"The sentence creates a false dichotomy: persistent speaking style can affect the word count, but the thesis does not establish that such variation is purely personality and contains no information."
U10-F09,7,MINOR,"If I compare across people, I am mostly measuring personality.",10,Comparing across people would mix call-specific uncertainty with persistent speaking style.,11,1,"“Mostly” is a quantitative dominance claim that the thesis does not estimate here. The comparison would mix persistent style with call-specific variation, but the share attributable to each is not established in the talk."
U10-F10,7,MAJOR,What remains is the residual: the part of this call's uncertainty that the speaker's usual style does not account for.,20,"What remains is answer uncertainty unexplained by modeled speaking style, call language, performance, returns, and year.",16,-4,"The definition makes the residual sound style-only. The first-stage residual also removes prepared-presentation uncertainty, analyst-question uncertainty, call negativity, firm-performance variables, market returns, and year effects. Since the slide says everything downstream depends on the measure, this omission materially misdefines the estimand."
U10-F11,9,MAJOR,Cash does not fall at announcement.,6,No cash decline is statistically detected at announcement.,8,2,"This repeats the exact null-versus-absence error the script correctly avoids for residual uncertainty. The PRE1-minus-GAP cash contrast is small and statistically insignificant; that supports no detected decline, not proof that cash does not fall."
U10-F12,9,MINOR,Information settles when it becomes public.,6,The residual language estimate falls when the deal becomes public.,10,4,"The measured object is residual answer language, not “information” itself. The wording silently upgrades a language estimate into a statement about the latent information state."
U10-F13,11,MAJOR,This puts a residual uncertainty measure inside the specific window where a deal is agreed and not yet public.,19,This puts a residual uncertainty measure in the announcement-anchored quarter before a deal becomes public.,15,-4,The contribution statement again treats agreement as observed inside the focal quarter. This conflicts with slide 12's correct admission that negotiation onset is unknown.
U10-F14,12,MINOR,The second is who it describes.,6,"Larger, better-covered firms and CEOs with repeated calls, in one country and one period.",14,8,The limitation slide repeats the unsupported “stable leadership” characterization. Repetition does not convert the five-call construction rule into evidence of leadership stability.
U10-F15,13,MAJOR,"When an acquisition moves from private to public, the unscripted part of the earnings call carries a trace of it, and that trace is readable.",25,These patterns suggest that less-scripted earnings-call answers carry a readable trace around a deal's move from private to public.,19,-6,"The closing converts an aggregate, hedged empirical interpretation into a categorical statement about what happens when an acquisition moves public. It drops the thesis's load-bearing “patterns suggest” qualifier and can be heard as a per-deal trace."
U10-F16,13,MAJOR,"It is not a mechanism, and it is not something anyone could trade on.",14,"It is not a mechanism, and it is not tested here as a tradable signal.",15,1,The thesis does not test whether anyone could trade on the pattern. “No prescription” and a correlational design do not establish non-tradability; the sentence makes an impossibility claim beyond the evidence.
