sentence_id,slide,sentence_number,spoken_sentence,classification,claim_bearing,source_basis,support_status,finding_id,audit_note
1.1,1,1,A firm has agreed to buy another company.,thesis_fact,true,thesis_flat.tex abstract/introduction and rev22_slide_text.md slide 1,WITHIN_SUPPORT,,Meaning stayed within the supplied thesis/deck ceiling.
1.2,1,2,The deal is not public yet.,thesis_fact,true,thesis_flat.tex abstract/introduction and rev22_slide_text.md slide 1,WITHIN_SUPPORT,,Meaning stayed within the supplied thesis/deck ceiling.
1.3,1,3,"But the quarterly earnings call still happens, and the chief executive still takes questions.",thesis_fact,true,thesis_flat.tex abstract/introduction and rev22_slide_text.md slide 1,WITHIN_SUPPORT,,Meaning stayed within the supplied thesis/deck ceiling.
1.4,1,4,This talk is about the words in those answers.,slide_explanation,true,thesis_flat.tex abstract/introduction and rev22_slide_text.md slide 1,WITHIN_SUPPORT,,Meaning stayed within the supplied thesis/deck ceiling.
1.5,1,5,Not the prepared script: the unrehearsed part.,slide_explanation,true,thesis_flat.tex abstract/introduction and rev22_slide_text.md slide 1,EXCEEDS_SUPPORT,U10-F01,"U10-F01: Calling the Q&A “unrehearsed” is stronger than the thesis. The thesis distinguishes it from the prepared script but says it is less scripted and cannot be fully prepared, not that executives do no rehearsal or preparation."
1.6,1,6,What I found is a pattern in that language.,result,true,thesis_flat.tex abstract/introduction and rev22_slide_text.md slide 1,WITHIN_SUPPORT,,Meaning stayed within the supplied thesis/deck ceiling.
1.7,1,7,"It is a description of a regularity, not a claim about cause.",limitation,true,thesis_flat.tex abstract/introduction and rev22_slide_text.md slide 1,WITHIN_SUPPORT,,Meaning stayed within the supplied thesis/deck ceiling.
2.1,2,1,Start with the bind the firm is in.,transition,false,Rhetorical structure; no independent evidentiary proposition.,NOT_A_CLAIM,,Classified; no source test required beyond consistency with the slide sequence.
2.2,2,2,"The company is sitting on material information, meaning information important enough to move what investors think.",thesis_fact,true,thesis_flat.tex conceptual framework and rev22_slide_text.md slide 2,WITHIN_SUPPORT,,Meaning stayed within the supplied thesis/deck ceiling.
2.3,2,3,In the United States there is no rule forcing it to announce merger talks.,thesis_fact,true,thesis_flat.tex conceptual framework and rev22_slide_text.md slide 2,EXCEEDS_SUPPORT,U10-F02,U10-F02: “No rule” is an absolute legal claim. The thesis deliberately states the narrower proposition that there is no general duty to disclose confidential merger talks.
2.4,2,4,So staying quiet is legal.,thesis_fact,true,thesis_flat.tex conceptual framework and rev22_slide_text.md slide 2,WITHIN_SUPPORT,,Meaning stayed within the supplied thesis/deck ceiling.
2.5,2,5,But the earnings call is scheduled.,thesis_fact,true,thesis_flat.tex conceptual framework and rev22_slide_text.md slide 2,WITHIN_SUPPORT,,Meaning stayed within the supplied thesis/deck ceiling.
2.6,2,6,It happens anyway.,thesis_fact,true,thesis_flat.tex conceptual framework and rev22_slide_text.md slide 2,WITHIN_SUPPORT,,Meaning stayed within the supplied thesis/deck ceiling.
2.7,2,7,"And once the chief executive opens his mouth, a second rule applies: what he says cannot be misleading.",thesis_fact,true,thesis_flat.tex conceptual framework and rev22_slide_text.md slide 2,WITHIN_SUPPORT,,Meaning stayed within the supplied thesis/deck ceiling.
2.8,2,8,Look at what that leaves him.,transition,false,Rhetorical structure; no independent evidentiary proposition.,NOT_A_CLAIM,,Classified; no source test required beyond consistency with the slide sequence.
2.9,2,9,He cannot confirm the deal.,thesis_fact,true,thesis_flat.tex conceptual framework and rev22_slide_text.md slide 2,WITHIN_SUPPORT,,Meaning stayed within the supplied thesis/deck ceiling.
2.10,2,10,"He cannot deny it either, because denial would be a lie.",thesis_fact,true,thesis_flat.tex conceptual framework and rev22_slide_text.md slide 2,WITHIN_SUPPORT,,Meaning stayed within the supplied thesis/deck ceiling.
2.11,2,11,He cannot skip the call.,thesis_fact,true,thesis_flat.tex conceptual framework and rev22_slide_text.md slide 2,WITHIN_SUPPORT,,Meaning stayed within the supplied thesis/deck ceiling.
2.12,2,12,The only move left is to answer around the question.,interpretation,true,thesis_flat.tex conceptual framework and rev22_slide_text.md slide 2,EXCEEDS_SUPPORT,U10-F03,"U10-F03: The sentence makes deflection the only available response and omits the ordinary option of declining to comment or remaining silent. That omission is especially exposed because the thesis itself treats silence and non-answers as deliberate, informative choices."
2.13,2,13,This is not a theory about honesty.,limitation,true,thesis_flat.tex conceptual framework and rev22_slide_text.md slide 2,WITHIN_SUPPORT,,Meaning stayed within the supplied thesis/deck ceiling.
2.14,2,14,It is a constraint about what is sayable.,interpretation,true,thesis_flat.tex conceptual framework and rev22_slide_text.md slide 2,WITHIN_SUPPORT,,Meaning stayed within the supplied thesis/deck ceiling.
2.15,2,15,That is the prediction.,transition,false,Rhetorical structure; no independent evidentiary proposition.,NOT_A_CLAIM,,Classified; no source test required beyond consistency with the slide sequence.
2.16,2,16,"While the deal is still private, the answers should get more hedged, more qualified, less certain.",interpretation,true,thesis_flat.tex conceptual framework and rev22_slide_text.md slide 2,WITHIN_SUPPORT,,Meaning stayed within the supplied thesis/deck ceiling.
2.17,2,17,And that should show up in the words themselves.,interpretation,true,thesis_flat.tex conceptual framework and rev22_slide_text.md slide 2,WITHIN_SUPPORT,,Meaning stayed within the supplied thesis/deck ceiling.
3.1,3,1,"Two things happen at different times, and that gap is what I use.",slide_explanation,true,thesis_flat.tex conceptual framework/methodology and rev22_slide_text.md slide 3,WITHIN_SUPPORT,,Meaning stayed within the supplied thesis/deck ceiling.
3.2,3,2,The announcement is when the information becomes public.,thesis_fact,true,thesis_flat.tex conceptual framework/methodology and rev22_slide_text.md slide 3,WITHIN_SUPPORT,,Meaning stayed within the supplied thesis/deck ceiling.
3.3,3,3,Completion is when the money actually leaves.,thesis_fact,true,thesis_flat.tex conceptual framework/methodology and rev22_slide_text.md slide 3,WITHIN_SUPPORT,,Meaning stayed within the supplied thesis/deck ceiling.
3.4,3,4,"Those are separate dates, often months apart.",thesis_fact,true,thesis_flat.tex conceptual framework/methodology and rev22_slide_text.md slide 3,WITHIN_SUPPORT,,Meaning stayed within the supplied thesis/deck ceiling.
3.5,3,5,So the deal runs on two clocks.,slide_explanation,true,thesis_flat.tex conceptual framework/methodology and rev22_slide_text.md slide 3,WITHIN_SUPPORT,,Meaning stayed within the supplied thesis/deck ceiling.
3.6,3,6,Information becomes public at announcement.,thesis_fact,true,thesis_flat.tex conceptual framework/methodology and rev22_slide_text.md slide 3,WITHIN_SUPPORT,,Meaning stayed within the supplied thesis/deck ceiling.
3.7,3,7,Cash moves at completion.,thesis_fact,true,thesis_flat.tex conceptual framework/methodology and rev22_slide_text.md slide 3,WITHIN_SUPPORT,,Meaning stayed within the supplied thesis/deck ceiling.
3.8,3,8,Neither clock is something I set.,slide_explanation,true,thesis_flat.tex conceptual framework/methodology and rev22_slide_text.md slide 3,WITHIN_SUPPORT,,Meaning stayed within the supplied thesis/deck ceiling.
3.9,3,9,Both come from the deal itself.,thesis_fact,true,thesis_flat.tex conceptual framework/methodology and rev22_slide_text.md slide 3,WITHIN_SUPPORT,,Meaning stayed within the supplied thesis/deck ceiling.
3.10,3,10,Now the second contrast.,thesis_fact,true,thesis_flat.tex conceptual framework/methodology and rev22_slide_text.md slide 3,WITHIN_SUPPORT,,Meaning stayed within the supplied thesis/deck ceiling.
3.11,3,11,Cash deals and stock deals sit in the same disclosure situation.,thesis_fact,true,thesis_flat.tex conceptual framework/methodology and rev22_slide_text.md slide 3,WITHIN_SUPPORT,,Meaning stayed within the supplied thesis/deck ceiling.
3.12,3,12,Both are private until announced.,interpretation,true,thesis_flat.tex conceptual framework/methodology and rev22_slide_text.md slide 3,WITHIN_SUPPORT,,Meaning stayed within the supplied thesis/deck ceiling.
3.13,3,13,But a stock deal adds something.,slide_explanation,true,thesis_flat.tex conceptual framework/methodology and rev22_slide_text.md slide 3,WITHIN_SUPPORT,,Meaning stayed within the supplied thesis/deck ceiling.
3.14,3,14,"The buyer is paying with its own shares, so it has a reason to care about its share price in the run-up.",transition,false,Rhetorical structure; no independent evidentiary proposition.,NOT_A_CLAIM,,Classified; no source test required beyond consistency with the slide sequence.
3.15,3,15,That makes cash the relatively cleaner setting to look at.,limitation,true,thesis_flat.tex conceptual framework/methodology and rev22_slide_text.md slide 3,WITHIN_SUPPORT,,Meaning stayed within the supplied thesis/deck ceiling.
3.16,3,16,I want to be careful here.,limitation,true,thesis_flat.tex conceptual framework/methodology and rev22_slide_text.md slide 3,WITHIN_SUPPORT,,Meaning stayed within the supplied thesis/deck ceiling.
3.17,3,17,Cleaner is not clean.,limitation,true,thesis_flat.tex conceptual framework/methodology and rev22_slide_text.md slide 3,WITHIN_SUPPORT,,Meaning stayed within the supplied thesis/deck ceiling.
3.18,3,18,"Firms choose how to pay, and that choice is not random.",interpretation,true,thesis_flat.tex conceptual framework/methodology and rev22_slide_text.md slide 3,WITHIN_SUPPORT,,Meaning stayed within the supplied thesis/deck ceiling.
3.19,3,19,So the comparison motivates the question.,limitation,true,thesis_flat.tex conceptual framework/methodology and rev22_slide_text.md slide 3,WITHIN_SUPPORT,,Meaning stayed within the supplied thesis/deck ceiling.
3.20,3,20,It does not settle it.,limitation,true,thesis_flat.tex conceptual framework/methodology and rev22_slide_text.md slide 3,WITHIN_SUPPORT,,Meaning stayed within the supplied thesis/deck ceiling.
4.1,4,1,"Three questions, and the rest of the talk answers them in order.",transition,false,Rhetorical structure; no independent evidentiary proposition.,NOT_A_CLAIM,,Classified; no source test required beyond consistency with the slide sequence.
4.2,4,2,First: does the language change before a cash acquisition is announced?,slide_explanation,true,thesis_flat.tex methodology and rev22_slide_text.md slide 4,WITHIN_SUPPORT,,Meaning stayed within the supplied thesis/deck ceiling.
4.3,4,3,That is the run-up question.,slide_explanation,true,thesis_flat.tex methodology and rev22_slide_text.md slide 4,WITHIN_SUPPORT,,Meaning stayed within the supplied thesis/deck ceiling.
4.4,4,4,"Second: if it changes, when does it stop?",slide_explanation,true,thesis_flat.tex methodology and rev22_slide_text.md slide 4,WITHIN_SUPPORT,,Meaning stayed within the supplied thesis/deck ceiling.
4.5,4,5,"Does the language settle at announcement while the cash moves later, at completion?",slide_explanation,true,thesis_flat.tex methodology and rev22_slide_text.md slide 4,WITHIN_SUPPORT,,Meaning stayed within the supplied thesis/deck ceiling.
4.6,4,6,Third: is this stronger for cash than for stock?,slide_explanation,true,thesis_flat.tex methodology and rev22_slide_text.md slide 4,WITHIN_SUPPORT,,Meaning stayed within the supplied thesis/deck ceiling.
4.7,4,7,"And here the test has to be a direct comparison of the two, not two separate results looked at side by side.",slide_explanation,true,thesis_flat.tex methodology and rev22_slide_text.md slide 4,WITHIN_SUPPORT,,Meaning stayed within the supplied thesis/deck ceiling.
4.8,4,8,One thing about all three.,thesis_fact,true,thesis_flat.tex methodology and rev22_slide_text.md slide 4,WITHIN_SUPPORT,,Meaning stayed within the supplied thesis/deck ceiling.
4.9,4,9,"Every test is a within-firm comparison, which is to say each firm is compared with itself in its own other quarters.",slide_explanation,true,thesis_flat.tex methodology and rev22_slide_text.md slide 4,WITHIN_SUPPORT,,Meaning stayed within the supplied thesis/deck ceiling.
4.10,4,10,That is what fixed effects do: they strip out anything about a firm that does not change.,slide_explanation,true,thesis_flat.tex methodology and rev22_slide_text.md slide 4,WITHIN_SUPPORT,,Meaning stayed within the supplied thesis/deck ceiling.
4.11,4,11,And every answer is a descriptive result: a measured pattern rather than a cause.,limitation,true,thesis_flat.tex methodology and rev22_slide_text.md slide 4,WITHIN_SUPPORT,,Meaning stayed within the supplied thesis/deck ceiling.
4.12,4,12,Nothing here identifies a mechanism.,limitation,true,thesis_flat.tex methodology and rev22_slide_text.md slide 4,WITHIN_SUPPORT,,Meaning stayed within the supplied thesis/deck ceiling.
4.13,4,13,I will say that again at the end.,transition,false,Rhetorical structure; no independent evidentiary proposition.,NOT_A_CLAIM,,Classified; no source test required beyond consistency with the slide sequence.
5.1,5,1,Where this sits.,transition,false,Rhetorical structure; no independent evidentiary proposition.,NOT_A_CLAIM,,Classified; no source test required beyond consistency with the slide sequence.
5.2,5,2,There is good work reading the language of earnings calls.,thesis_fact,true,thesis_flat.tex literature positioning and rev22_slide_text.md slide 5,WITHIN_SUPPORT,,Meaning stayed within the supplied thesis/deck ceiling.
5.3,5,3,Some of it reads managed tone.,thesis_fact,true,thesis_flat.tex literature positioning and rev22_slide_text.md slide 5,WITHIN_SUPPORT,,Meaning stayed within the supplied thesis/deck ceiling.
5.4,5,4,Some reads the vocabulary of strategy.,thesis_fact,true,thesis_flat.tex literature positioning and rev22_slide_text.md slide 5,WITHIN_SUPPORT,,Meaning stayed within the supplied thesis/deck ceiling.
5.5,5,5,Some reads what prices do around the call.,thesis_fact,true,thesis_flat.tex literature positioning and rev22_slide_text.md slide 5,WITHIN_SUPPORT,,Meaning stayed within the supplied thesis/deck ceiling.
5.6,5,6,One distinction runs through all of it.,thesis_fact,true,thesis_flat.tex literature positioning and rev22_slide_text.md slide 5,EXCEEDS_SUPPORT,U10-F04,U10-F04: The absolute claim that answers are not written in advance exceeds the construct boundary. Executives can prepare likely Q&A topics and talking points even though the exchange is not a prepared script.
5.7,5,7,The prepared remarks are written in advance.,thesis_fact,true,thesis_flat.tex literature positioning and rev22_slide_text.md slide 5,WITHIN_SUPPORT,,Meaning stayed within the supplied thesis/deck ceiling.
5.8,5,8,"The answers are not, and the answers are where I look.",thesis_fact,true,thesis_flat.tex literature positioning and rev22_slide_text.md slide 5,WITHIN_SUPPORT,,Meaning stayed within the supplied thesis/deck ceiling.
5.9,5,9,"What I did not find was work reading the uncertainty in a chief executive's unscripted answers, in the specific window when an acquisition is agreed but not yet announced.",thesis_fact,true,thesis_flat.tex literature positioning and rev22_slide_text.md slide 5,EXCEEDS_SUPPORT,U10-F05,"U10-F05: The sentence presents the observed pre-announcement quarter as a verified period in which the acquisition is already agreed. The data observe announcement-relative quarters, not agreement, negotiation, materiality, or CEO-knowledge onset."
5.10,5,10,That is the cell this thesis occupies.,interpretation,true,thesis_flat.tex literature positioning and rev22_slide_text.md slide 5,WITHIN_SUPPORT,,Meaning stayed within the supplied thesis/deck ceiling.
5.11,5,11,"I say to our knowledge, and I mean it as written.",limitation,true,thesis_flat.tex literature positioning and rev22_slide_text.md slide 5,WITHIN_SUPPORT,,Meaning stayed within the supplied thesis/deck ceiling.
5.12,5,12,"It is a claim about what I searched, not a claim that nothing exists.",limitation,true,thesis_flat.tex literature positioning and rev22_slide_text.md slide 5,WITHIN_SUPPORT,,Meaning stayed within the supplied thesis/deck ceiling.
5.13,5,13,The contribution is narrow on purpose.,interpretation,true,thesis_flat.tex literature positioning and rev22_slide_text.md slide 5,WITHIN_SUPPORT,,Meaning stayed within the supplied thesis/deck ceiling.
5.14,5,14,"One measure, one window, one comparison.",interpretation,true,thesis_flat.tex literature positioning and rev22_slide_text.md slide 5,WITHIN_SUPPORT,,Meaning stayed within the supplied thesis/deck ceiling.
6.1,6,1,Where the evidence comes from.,transition,false,Rhetorical structure; no independent evidentiary proposition.,NOT_A_CLAIM,,Classified; no source test required beyond consistency with the slide sequence.
6.2,6,2,"The starting panel is 88,205 earnings calls from 1,884 United States public firms, running from 2002 to 2018.",number,true,thesis_flat.tex sample construction/limitations and rev22_slide_text.md slide 6,WITHIN_SUPPORT,,Semantic framing checked; numeral trace accepted from the supplied deterministic gate.
6.3,6,3,Financial firms and utilities are excluded.,thesis_fact,true,thesis_flat.tex sample construction/limitations and rev22_slide_text.md slide 6,WITHIN_SUPPORT,,Meaning stayed within the supplied thesis/deck ceiling.
6.4,6,4,"Then it narrows, and the reason matters.",transition,false,Rhetorical structure; no independent evidentiary proposition.,NOT_A_CLAIM,,Classified; no source test required beyond consistency with the slide sequence.
6.5,6,5,The outcome I need is not something the transcript records directly.,thesis_fact,true,thesis_flat.tex sample construction/limitations and rev22_slide_text.md slide 6,WITHIN_SUPPORT,,Meaning stayed within the supplied thesis/deck ceiling.
6.6,6,6,"I have to build it, and building it takes repeated calls from the same chief executive.",thesis_fact,true,thesis_flat.tex sample construction/limitations and rev22_slide_text.md slide 6,WITHIN_SUPPORT,,Meaning stayed within the supplied thesis/deck ceiling.
6.7,6,7,So I need to know who is speaking.,thesis_fact,true,thesis_flat.tex sample construction/limitations and rev22_slide_text.md slide 6,WITHIN_SUPPORT,,Meaning stayed within the supplied thesis/deck ceiling.
6.8,6,8,I also need enough calls from that person to model how they normally speak.,thesis_fact,true,thesis_flat.tex sample construction/limitations and rev22_slide_text.md slide 6,WITHIN_SUPPORT,,Meaning stayed within the supplied thesis/deck ceiling.
6.9,6,9,Anyone with fewer than five calls drops out.,thesis_fact,true,thesis_flat.tex sample construction/limitations and rev22_slide_text.md slide 6,WITHIN_SUPPORT,,Meaning stayed within the supplied thesis/deck ceiling.
6.10,6,10,Executive compensation coverage and the inputs the measure needs narrow it further.,thesis_fact,true,thesis_flat.tex sample construction/limitations and rev22_slide_text.md slide 6,WITHIN_SUPPORT,,Meaning stayed within the supplied thesis/deck ceiling.
6.11,6,11,"The focal test runs on 27,622 firm-quarters, which is one firm observed in one quarter, across 1,248 firms.",number,true,thesis_flat.tex sample construction/limitations and rev22_slide_text.md slide 6,WITHIN_SUPPORT,,Semantic framing checked; numeral trace accepted from the supplied deterministic gate.
6.12,6,12,Be straight about what that selection does.,transition,false,Rhetorical structure; no independent evidentiary proposition.,NOT_A_CLAIM,,Classified; no source test required beyond consistency with the slide sequence.
6.13,6,13,"What survives tilts toward larger, better-covered firms with stable leadership.",limitation,true,thesis_flat.tex sample construction/limitations and rev22_slide_text.md slide 6,EXCEEDS_SUPPORT,U10-F06,"U10-F06: “Stable leadership” is not an established sample characteristic. The five-call rule establishes repeated observations for a CEO, not a validated construct of leadership stability."
6.14,6,14,"So when I say this describes United States public firms, I mean a particular slice of them.",limitation,true,thesis_flat.tex sample construction/limitations and rev22_slide_text.md slide 6,WITHIN_SUPPORT,,Meaning stayed within the supplied thesis/deck ceiling.
6.15,6,15,The smallest firms are not in here at all.,limitation,true,thesis_flat.tex sample construction/limitations and rev22_slide_text.md slide 6,EXCEEDS_SUPPORT,U10-F07,"U10-F07: The categorical statement that the smallest firms are entirely absent is not demonstrated by the thesis. Execucomp coverage is described as roughly the S&P 1500, and the thesis states a generalizability boundary rather than a verified zero count for every smallest-firm category."
6.16,6,16,"That is a limit on who these results describe, and I would rather state it now than defend it later.",limitation,true,thesis_flat.tex sample construction/limitations and rev22_slide_text.md slide 6,WITHIN_SUPPORT,,Meaning stayed within the supplied thesis/deck ceiling.
7.1,7,1,"The measure, because everything downstream depends on it.",transition,false,Rhetorical structure; no independent evidentiary proposition.,NOT_A_CLAIM,,Classified; no source test required beyond consistency with the slide sequence.
7.2,7,2,Start with the raw version.,transition,false,Rhetorical structure; no independent evidentiary proposition.,NOT_A_CLAIM,,Classified; no source test required beyond consistency with the slide sequence.
7.3,7,3,Take the chief executive's answers in the question-and-answer section.,slide_explanation,true,thesis_flat.tex main-variable construction and rev22_slide_text.md slide 7,WITHIN_SUPPORT,,Meaning stayed within the supplied thesis/deck ceiling.
7.4,7,4,Count the share of words drawn from a fixed list of uncertainty terms.,slide_explanation,true,thesis_flat.tex main-variable construction and rev22_slide_text.md slide 7,WITHIN_SUPPORT,,Meaning stayed within the supplied thesis/deck ceiling.
7.5,7,5,That is a blunt count.,thesis_fact,true,thesis_flat.tex main-variable construction and rev22_slide_text.md slide 7,WITHIN_SUPPORT,,Meaning stayed within the supplied thesis/deck ceiling.
7.6,7,6,The problem is that people differ.,interpretation,true,thesis_flat.tex main-variable construction and rev22_slide_text.md slide 7,EXCEEDS_SUPPORT,U10-F08,"U10-F08: The sentence creates a false dichotomy: persistent speaking style can affect the word count, but the thesis does not establish that such variation is purely personality and contains no information."
7.7,7,7,Some executives always hedge.,interpretation,true,thesis_flat.tex main-variable construction and rev22_slide_text.md slide 7,WITHIN_SUPPORT,,Meaning stayed within the supplied thesis/deck ceiling.
7.8,7,8,"That is personality, not information.",transition,false,Rhetorical structure; no independent evidentiary proposition.,NOT_A_CLAIM,,Classified; no source test required beyond consistency with the slide sequence.
7.9,7,9,"If I compare across people, I am mostly measuring personality.",interpretation,true,thesis_flat.tex main-variable construction and rev22_slide_text.md slide 7,EXCEEDS_SUPPORT,U10-F09,"U10-F09: “Mostly” is a quantitative dominance claim that the thesis does not estimate here. The comparison would mix persistent style with call-specific variation, but the share attributable to each is not established in the talk."
7.10,7,10,So I remove the predictable part.,slide_explanation,true,thesis_flat.tex main-variable construction and rev22_slide_text.md slide 7,WITHIN_SUPPORT,,Meaning stayed within the supplied thesis/deck ceiling.
7.11,7,11,Residualization is removing what a model can already explain.,slide_explanation,true,thesis_flat.tex main-variable construction and rev22_slide_text.md slide 7,WITHIN_SUPPORT,,Meaning stayed within the supplied thesis/deck ceiling.
7.12,7,12,What remains is the residual: the part of this call's uncertainty that the speaker's usual style does not account for.,slide_explanation,true,thesis_flat.tex main-variable construction and rev22_slide_text.md slide 7,EXCEEDS_SUPPORT,U10-F10,"U10-F10: The definition makes the residual sound style-only. The first-stage residual also removes prepared-presentation uncertainty, analyst-question uncertainty, call negativity, firm-performance variables, market returns, and year effects. Since the slide says everything downstream depends on the measure, this omission materially misdefines the estimand."
7.13,7,13,Three things this is not.,transition,false,Rhetorical structure; no independent evidentiary proposition.,NOT_A_CLAIM,,Classified; no source test required beyond consistency with the slide sequence.
7.14,7,14,It is not raw uncertainty.,limitation,true,thesis_flat.tex main-variable construction and rev22_slide_text.md slide 7,WITHIN_SUPPORT,,Meaning stayed within the supplied thesis/deck ceiling.
7.15,7,15,It is not a window into what the chief executive privately knows.,limitation,true,thesis_flat.tex main-variable construction and rev22_slide_text.md slide 7,WITHIN_SUPPORT,,Meaning stayed within the supplied thesis/deck ceiling.
7.16,7,16,And it is a built outcome rather than an observed one.,limitation,true,thesis_flat.tex main-variable construction and rev22_slide_text.md slide 7,WITHIN_SUPPORT,,Meaning stayed within the supplied thesis/deck ceiling.
7.17,7,17,"That two-step construction leaves extra uncertainty in the statistics, and I carry that as a limitation.",limitation,true,thesis_flat.tex main-variable construction and rev22_slide_text.md slide 7,WITHIN_SUPPORT,,Meaning stayed within the supplied thesis/deck ceiling.
7.18,7,18,"What it is: a proxy for how uncertain this particular call sounded, once the speaker's own baseline is taken out.",slide_explanation,true,thesis_flat.tex main-variable construction and rev22_slide_text.md slide 7,WITHIN_SUPPORT,,Meaning stayed within the supplied thesis/deck ceiling.
8.1,8,1,The first result.,transition,false,Rhetorical structure; no independent evidentiary proposition.,NOT_A_CLAIM,,Classified; no source test required beyond consistency with the slide sequence.
8.2,8,2,"In the quarter before a cash acquisition is announced, residual uncertainty in the chief executive's answers goes up.",result,true,"thesis_flat.tex MA1, thesis_tables.tex, and rev22_slide_text.md slide 8",WITHIN_SUPPORT,,Meaning stayed within the supplied thesis/deck ceiling.
8.3,8,3,"The coefficient, which is the estimated size of that shift, is plus 0.0461.",number,true,"thesis_flat.tex MA1, thesis_tables.tex, and rev22_slide_text.md slide 8",WITHIN_SUPPORT,,Semantic framing checked; numeral trace accepted from the supplied deterministic gate.
8.4,8,4,"Its standard error is 0.0172, and the standard error is how uncertain the estimate itself is.",number,true,"thesis_flat.tex MA1, thesis_tables.tex, and rev22_slide_text.md slide 8",WITHIN_SUPPORT,,Semantic framing checked; numeral trace accepted from the supplied deterministic gate.
8.5,8,5,"The two-tailed p-value is 0.0074, which tests departures in either direction.",number,true,"thesis_flat.tex MA1, thesis_tables.tex, and rev22_slide_text.md slide 8",WITHIN_SUPPORT,,Semantic framing checked; numeral trace accepted from the supplied deterministic gate.
8.6,8,6,"In plain terms, if there were no shift at all, a result this size or larger would turn up in well under one percent of samples.",slide_explanation,true,"thesis_flat.tex MA1, thesis_tables.tex, and rev22_slide_text.md slide 8",WITHIN_SUPPORT,,Meaning stayed within the supplied thesis/deck ceiling.
8.7,8,7,"Now the part that actually matters, which is how big this is.",transition,false,Rhetorical structure; no independent evidentiary proposition.,NOT_A_CLAIM,,Classified; no source test required beyond consistency with the slide sequence.
8.8,8,8,The usual spread of this measure across calls is 0.301.,number,true,"thesis_flat.tex MA1, thesis_tables.tex, and rev22_slide_text.md slide 8",WITHIN_SUPPORT,,Semantic framing checked; numeral trace accepted from the supplied deterministic gate.
8.9,8,9,"Against that, the shift is about 15.3 percent of one standard deviation.",number,true,"thesis_flat.tex MA1, thesis_tables.tex, and rev22_slide_text.md slide 8",WITHIN_SUPPORT,,Semantic framing checked; numeral trace accepted from the supplied deterministic gate.
8.10,8,10,So it is not a dramatic effect.,interpretation,true,"thesis_flat.tex MA1, thesis_tables.tex, and rev22_slide_text.md slide 8",WITHIN_SUPPORT,,Meaning stayed within the supplied thesis/deck ceiling.
8.11,8,11,"It is a modest, statistically clear shift.",interpretation,true,"thesis_flat.tex MA1, thesis_tables.tex, and rev22_slide_text.md slide 8",WITHIN_SUPPORT,,Meaning stayed within the supplied thesis/deck ceiling.
8.12,8,12,One caution on the bar you can see on the slide.,transition,false,Rhetorical structure; no independent evidentiary proposition.,NOT_A_CLAIM,,Classified; no source test required beyond consistency with the slide sequence.
8.13,8,13,"That is an approximate 95 percent range, and a confidence interval is a plausible range around the estimate.",slide_explanation,true,"thesis_flat.tex MA1, thesis_tables.tex, and rev22_slide_text.md slide 8",WITHIN_SUPPORT,,Meaning stayed within the supplied thesis/deck ceiling.
8.14,8,14,"The slide says derived, and it means it.",slide_explanation,true,"thesis_flat.tex MA1, thesis_tables.tex, and rev22_slide_text.md slide 8",WITHIN_SUPPORT,,Meaning stayed within the supplied thesis/deck ceiling.
8.15,8,15,I computed it from the estimate and its standard error.,slide_explanation,true,"thesis_flat.tex MA1, thesis_tables.tex, and rev22_slide_text.md slide 8",WITHIN_SUPPORT,,Meaning stayed within the supplied thesis/deck ceiling.
8.16,8,16,"The thesis prints the estimate and the standard error, not the range.",thesis_fact,true,"thesis_flat.tex MA1, thesis_tables.tex, and rev22_slide_text.md slide 8",WITHIN_SUPPORT,,Meaning stayed within the supplied thesis/deck ceiling.
8.17,8,17,"The sample is 27,622 firm-quarters from 1,248 firms.",number,true,"thesis_flat.tex MA1, thesis_tables.tex, and rev22_slide_text.md slide 8",WITHIN_SUPPORT,,Semantic framing checked; numeral trace accepted from the supplied deterministic gate.
8.18,8,18,"Standard errors are grouped by firm, because one firm's calls are not independent of each other.",slide_explanation,true,"thesis_flat.tex MA1, thesis_tables.tex, and rev22_slide_text.md slide 8",WITHIN_SUPPORT,,Meaning stayed within the supplied thesis/deck ceiling.
8.19,8,19,And note what the comparison is.,transition,false,Rhetorical structure; no independent evidentiary proposition.,NOT_A_CLAIM,,Classified; no source test required beyond consistency with the slide sequence.
8.20,8,20,"It is the same firm in its own other quarters, not this firm against other firms.",slide_explanation,true,"thesis_flat.tex MA1, thesis_tables.tex, and rev22_slide_text.md slide 8",WITHIN_SUPPORT,,Meaning stayed within the supplied thesis/deck ceiling.
8.21,8,21,"That matters, because executives differ enormously in how they speak.",interpretation,true,"thesis_flat.tex MA1, thesis_tables.tex, and rev22_slide_text.md slide 8",WITHIN_SUPPORT,,Meaning stayed within the supplied thesis/deck ceiling.
8.22,8,22,The framing stays descriptive.,limitation,true,"thesis_flat.tex MA1, thesis_tables.tex, and rev22_slide_text.md slide 8",WITHIN_SUPPORT,,Meaning stayed within the supplied thesis/deck ceiling.
8.23,8,23,This is a within-firm pattern in language before an announcement.,result,true,"thesis_flat.tex MA1, thesis_tables.tex, and rev22_slide_text.md slide 8",WITHIN_SUPPORT,,Meaning stayed within the supplied thesis/deck ceiling.
8.24,8,24,It is not evidence that the deal made the chief executive talk that way.,limitation,true,"thesis_flat.tex MA1, thesis_tables.tex, and rev22_slide_text.md slide 8",WITHIN_SUPPORT,,Meaning stayed within the supplied thesis/deck ceiling.
9.1,9,1,"The second result, and this is the one I would push on if I were you.",transition,false,Rhetorical structure; no independent evidentiary proposition.,NOT_A_CLAIM,,Classified; no source test required beyond consistency with the slide sequence.
9.2,9,2,"The design is an event study, which compares outcomes across stages around an event.",slide_explanation,true,"thesis_flat.tex MA2, thesis_tables.tex, and rev22_slide_text.md slide 9",WITHIN_SUPPORT,,Meaning stayed within the supplied thesis/deck ceiling.
9.3,9,3,"Four stages: two quarters before announcement, the quarter immediately before, the window after announcement but before closing, and after closing.",slide_explanation,true,"thesis_flat.tex MA2, thesis_tables.tex, and rev22_slide_text.md slide 9",WITHIN_SUPPORT,,Meaning stayed within the supplied thesis/deck ceiling.
9.4,9,4,Take the language first.,number,true,"thesis_flat.tex MA2, thesis_tables.tex, and rev22_slide_text.md slide 9",WITHIN_SUPPORT,,Semantic framing checked; numeral trace accepted from the supplied deterministic gate.
9.5,9,5,"Two quarters out, the estimate is 0.0068 with a standard error of 0.0178.",number,true,"thesis_flat.tex MA2, thesis_tables.tex, and rev22_slide_text.md slide 9",WITHIN_SUPPORT,,Semantic framing checked; numeral trace accepted from the supplied deterministic gate.
9.6,9,6,Nothing detected.,interpretation,true,"thesis_flat.tex MA2, thesis_tables.tex, and rev22_slide_text.md slide 9",WITHIN_SUPPORT,,Meaning stayed within the supplied thesis/deck ceiling.
9.7,9,7,"One quarter out, it is 0.0473.",number,true,"thesis_flat.tex MA2, thesis_tables.tex, and rev22_slide_text.md slide 9",WITHIN_SUPPORT,,Semantic framing checked; numeral trace accepted from the supplied deterministic gate.
9.8,9,8,Say that carefully.,transition,false,Rhetorical structure; no independent evidentiary proposition.,NOT_A_CLAIM,,Classified; no source test required beyond consistency with the slide sequence.
9.9,9,9,"It is the same rise as the previous slide, but it is not the same number.",slide_explanation,true,"thesis_flat.tex MA2, thesis_tables.tex, and rev22_slide_text.md slide 9",WITHIN_SUPPORT,,Meaning stayed within the supplied thesis/deck ceiling.
9.10,9,10,"This is a second estimate, on a matched sample of 28,102 firm-quarters, so it lands close to the first without being identical.",slide_explanation,true,"thesis_flat.tex MA2, thesis_tables.tex, and rev22_slide_text.md slide 9",WITHIN_SUPPORT,,Meaning stayed within the supplied thesis/deck ceiling.
9.11,9,11,Then in the announced-but-not-closed window it falls to 0.0018.,result,true,"thesis_flat.tex MA2, thesis_tables.tex, and rev22_slide_text.md slide 9",WITHIN_SUPPORT,,Meaning stayed within the supplied thesis/deck ceiling.
9.12,9,12,"Be careful how I say what happens next, because there are two different claims here and only one of them is supported.",limitation,true,"thesis_flat.tex MA2, thesis_tables.tex, and rev22_slide_text.md slide 9",WITHIN_SUPPORT,,Meaning stayed within the supplied thesis/deck ceiling.
9.13,9,13,What is supported is a decline.,transition,false,Rhetorical structure; no independent evidentiary proposition.,NOT_A_CLAIM,,Classified; no source test required beyond consistency with the slide sequence.
9.14,9,14,"The drop from the quarter before to the announced window is 0.0455, and that difference is significant.",result,true,"thesis_flat.tex MA2, thesis_tables.tex, and rev22_slide_text.md slide 9",WITHIN_SUPPORT,,Meaning stayed within the supplied thesis/deck ceiling.
9.15,9,15,What is not supported is equivalence.,number,true,"thesis_flat.tex MA2, thesis_tables.tex, and rev22_slide_text.md slide 9",WITHIN_SUPPORT,,Semantic framing checked; numeral trace accepted from the supplied deterministic gate.
9.16,9,16,A small estimate with a wide error bar is a failure to detect.,result,true,"thesis_flat.tex MA2, thesis_tables.tex, and rev22_slide_text.md slide 9",WITHIN_SUPPORT,,Meaning stayed within the supplied thesis/deck ceiling.
9.17,9,17,It does not establish that the effect has gone away.,limitation,true,"thesis_flat.tex MA2, thesis_tables.tex, and rev22_slide_text.md slide 9",WITHIN_SUPPORT,,Meaning stayed within the supplied thesis/deck ceiling.
9.18,9,18,The same discipline applies to the flat quarter two out.,limitation,true,"thesis_flat.tex MA2, thesis_tables.tex, and rev22_slide_text.md slide 9",WITHIN_SUPPORT,,Meaning stayed within the supplied thesis/deck ceiling.
9.19,9,19,That is no detected elevation.,limitation,true,"thesis_flat.tex MA2, thesis_tables.tex, and rev22_slide_text.md slide 9",WITHIN_SUPPORT,,Meaning stayed within the supplied thesis/deck ceiling.
9.20,9,20,It does not establish that the earlier quarters are clean.,limitation,true,"thesis_flat.tex MA2, thesis_tables.tex, and rev22_slide_text.md slide 9",WITHIN_SUPPORT,,Meaning stayed within the supplied thesis/deck ceiling.
9.21,9,21,"Now cash, on the lower panel.",transition,false,Rhetorical structure; no independent evidentiary proposition.,NOT_A_CLAIM,,Classified; no source test required beyond consistency with the slide sequence.
9.22,9,22,Cash does not fall at announcement.,result,true,"thesis_flat.tex MA2, thesis_tables.tex, and rev22_slide_text.md slide 9",EXCEEDS_SUPPORT,U10-F11,"U10-F11: This repeats the exact null-versus-absence error the script correctly avoids for residual uncertainty. The PRE1-minus-GAP cash contrast is small and statistically insignificant; that supports no detected decline, not proof that cash does not fall."
9.23,9,23,"It falls after completion, and that difference is 0.0210, which is significant.",result,true,"thesis_flat.tex MA2, thesis_tables.tex, and rev22_slide_text.md slide 9",WITHIN_SUPPORT,,Meaning stayed within the supplied thesis/deck ceiling.
9.24,9,24,One honest caution there.,number,true,"thesis_flat.tex MA2, thesis_tables.tex, and rev22_slide_text.md slide 9",WITHIN_SUPPORT,,Semantic framing checked; numeral trace accepted from the supplied deterministic gate.
9.25,9,25,Part of that drop is mechanical.,limitation,true,"thesis_flat.tex MA2, thesis_tables.tex, and rev22_slide_text.md slide 9",WITHIN_SUPPORT,,Meaning stayed within the supplied thesis/deck ceiling.
9.26,9,26,Paying for a company with cash reduces the cash you hold.,interpretation,true,"thesis_flat.tex MA2, thesis_tables.tex, and rev22_slide_text.md slide 9",WITHIN_SUPPORT,,Meaning stayed within the supplied thesis/deck ceiling.
9.27,9,27,So the two run on different clocks.,slide_explanation,true,"thesis_flat.tex MA2, thesis_tables.tex, and rev22_slide_text.md slide 9",WITHIN_SUPPORT,,Meaning stayed within the supplied thesis/deck ceiling.
9.28,9,28,Information settles when it becomes public.,interpretation,true,"thesis_flat.tex MA2, thesis_tables.tex, and rev22_slide_text.md slide 9",EXCEEDS_SUPPORT,U10-F12,"U10-F12: The measured object is residual answer language, not “information” itself. The wording silently upgrades a language estimate into a statement about the latent information state."
9.29,9,29,Money moves when it is paid.,interpretation,true,"thesis_flat.tex MA2, thesis_tables.tex, and rev22_slide_text.md slide 9",WITHIN_SUPPORT,,Meaning stayed within the supplied thesis/deck ceiling.
10.1,10,1,"The third result, and the one with the sharpest trap in it.",transition,false,Rhetorical structure; no independent evidentiary proposition.,NOT_A_CLAIM,,Classified; no source test required beyond consistency with the slide sequence.
10.2,10,2,On the left you see two panels side by side.,slide_explanation,true,"thesis_flat.tex MA3, thesis_tables.tex, and rev22_slide_text.md slide 10",WITHIN_SUPPORT,,Meaning stayed within the supplied thesis/deck ceiling.
10.3,10,3,Cash acquirers show the run-up.,result,true,"thesis_flat.tex MA3, thesis_tables.tex, and rev22_slide_text.md slide 10",WITHIN_SUPPORT,,Meaning stayed within the supplied thesis/deck ceiling.
10.4,10,4,Stock acquirers show an estimate that is negative and imprecise.,result,true,"thesis_flat.tex MA3, thesis_tables.tex, and rev22_slide_text.md slide 10",WITHIN_SUPPORT,,Meaning stayed within the supplied thesis/deck ceiling.
10.5,10,5,Here is the trap.,transition,false,Rhetorical structure; no independent evidentiary proposition.,NOT_A_CLAIM,,Classified; no source test required beyond consistency with the slide sequence.
10.6,10,6,"It is tempting to say cash is significant, stock is not, therefore they differ.",limitation,true,"thesis_flat.tex MA3, thesis_tables.tex, and rev22_slide_text.md slide 10",WITHIN_SUPPORT,,Meaning stayed within the supplied thesis/deck ceiling.
10.7,10,7,That is not a test.,limitation,true,"thesis_flat.tex MA3, thesis_tables.tex, and rev22_slide_text.md slide 10",WITHIN_SUPPORT,,Meaning stayed within the supplied thesis/deck ceiling.
10.8,10,8,Two separate results looked at separately tell you nothing about whether they differ from each other.,thesis_fact,true,"thesis_flat.tex MA3, thesis_tables.tex, and rev22_slide_text.md slide 10",WITHIN_SUPPORT,,Meaning stayed within the supplied thesis/deck ceiling.
10.9,10,9,So I ran the test directly.,slide_explanation,true,"thesis_flat.tex MA3, thesis_tables.tex, and rev22_slide_text.md slide 10",WITHIN_SUPPORT,,Meaning stayed within the supplied thesis/deck ceiling.
10.10,10,10,The Wald test is a direct test of whether two estimates differ.,number,true,"thesis_flat.tex MA3, thesis_tables.tex, and rev22_slide_text.md slide 10",WITHIN_SUPPORT,,Semantic framing checked; numeral trace accepted from the supplied deterministic gate.
10.11,10,11,Put both in one regression and ask for the difference.,result,true,"thesis_flat.tex MA3, thesis_tables.tex, and rev22_slide_text.md slide 10",WITHIN_SUPPORT,,Meaning stayed within the supplied thesis/deck ceiling.
10.12,10,12,"It is plus 0.0983, with a standard error of 0.0476 and a p-value of 0.039.",interpretation,true,"thesis_flat.tex MA3, thesis_tables.tex, and rev22_slide_text.md slide 10",WITHIN_SUPPORT,,Meaning stayed within the supplied thesis/deck ceiling.
10.13,10,13,That is the result.,limitation,true,"thesis_flat.tex MA3, thesis_tables.tex, and rev22_slide_text.md slide 10",WITHIN_SUPPORT,,Meaning stayed within the supplied thesis/deck ceiling.
10.14,10,14,"The difference itself is significant, not just one side of it.",limitation,true,"thesis_flat.tex MA3, thesis_tables.tex, and rev22_slide_text.md slide 10",WITHIN_SUPPORT,,Meaning stayed within the supplied thesis/deck ceiling.
10.15,10,15,What it supports is concentration in cash.,limitation,true,"thesis_flat.tex MA3, thesis_tables.tex, and rev22_slide_text.md slide 10",WITHIN_SUPPORT,,Meaning stayed within the supplied thesis/deck ceiling.
10.16,10,16,"What it does not support is a cash- only effect, and I will not claim one.",limitation,true,"thesis_flat.tex MA3, thesis_tables.tex, and rev22_slide_text.md slide 10",WITHIN_SUPPORT,,Meaning stayed within the supplied thesis/deck ceiling.
10.17,10,17,It also does not tell you why.,limitation,true,"thesis_flat.tex MA3, thesis_tables.tex, and rev22_slide_text.md slide 10",WITHIN_SUPPORT,,Meaning stayed within the supplied thesis/deck ceiling.
10.18,10,18,And I would call this the most fragile of the three findings.,limitation,true,"thesis_flat.tex MA3, thesis_tables.tex, and rev22_slide_text.md slide 10",WITHIN_SUPPORT,,Meaning stayed within the supplied thesis/deck ceiling.
10.19,10,19,"The stock estimate is imprecise, so what is established is that the two differ, not that stock is flat.",limitation,true,"thesis_flat.tex MA3, thesis_tables.tex, and rev22_slide_text.md slide 10",WITHIN_SUPPORT,,Meaning stayed within the supplied thesis/deck ceiling.
11.1,11,1,"Three contributions, stated as what they add rather than as a second run at the results.",transition,false,Rhetorical structure; no independent evidentiary proposition.,NOT_A_CLAIM,,Classified; no source test required beyond consistency with the slide sequence.
11.2,11,2,The first is where I look.,transition,false,Rhetorical structure; no independent evidentiary proposition.,NOT_A_CLAIM,,Classified; no source test required beyond consistency with the slide sequence.
11.3,11,3,Prior work reads the language of calls in many ways.,thesis_fact,true,thesis_flat.tex contribution/conclusion and rev22_slide_text.md slide 11,WITHIN_SUPPORT,,Meaning stayed within the supplied thesis/deck ceiling.
11.4,11,4,This puts a residual uncertainty measure inside the specific window where a deal is agreed and not yet public.,interpretation,true,thesis_flat.tex contribution/conclusion and rev22_slide_text.md slide 11,EXCEEDS_SUPPORT,U10-F13,U10-F13: The contribution statement again treats agreement as observed inside the focal quarter. This conflicts with slide 12's correct admission that negotiation onset is unknown.
11.5,11,5,The second is how I test payment method.,transition,false,Rhetorical structure; no independent evidentiary proposition.,NOT_A_CLAIM,,Classified; no source test required beyond consistency with the slide sequence.
11.6,11,6,"The cash and stock comparison is done as one direct difference, not as two separate results held up next to each other.",thesis_fact,true,thesis_flat.tex contribution/conclusion and rev22_slide_text.md slide 11,WITHIN_SUPPORT,,Meaning stayed within the supplied thesis/deck ceiling.
11.7,11,7,The third is what it connects.,transition,false,Rhetorical structure; no independent evidentiary proposition.,NOT_A_CLAIM,,Classified; no source test required beyond consistency with the slide sequence.
11.8,11,8,Work on withholding private information and work on what happens around transactions mostly sit apart.,thesis_fact,true,thesis_flat.tex contribution/conclusion and rev22_slide_text.md slide 11,WITHIN_SUPPORT,,Meaning stayed within the supplied thesis/deck ceiling.
11.9,11,9,The private-to-public moment is a place they meet.,interpretation,true,thesis_flat.tex contribution/conclusion and rev22_slide_text.md slide 11,WITHIN_SUPPORT,,Meaning stayed within the supplied thesis/deck ceiling.
11.10,11,10,All three describe a regularity.,limitation,true,thesis_flat.tex contribution/conclusion and rev22_slide_text.md slide 11,WITHIN_SUPPORT,,Meaning stayed within the supplied thesis/deck ceiling.
11.11,11,11,"None of them identifies a channel, and I am not claiming one.",limitation,true,thesis_flat.tex contribution/conclusion and rev22_slide_text.md slide 11,WITHIN_SUPPORT,,Meaning stayed within the supplied thesis/deck ceiling.
12.1,12,1,"Four limits, and I would rather state them than be walked into them.",transition,false,Rhetorical structure; no independent evidentiary proposition.,NOT_A_CLAIM,,Classified; no source test required beyond consistency with the slide sequence.
12.2,12,2,The first is what kind of claim this is.,transition,false,Rhetorical structure; no independent evidentiary proposition.,NOT_A_CLAIM,,Classified; no source test required beyond consistency with the slide sequence.
12.3,12,3,"It is a within-firm pattern, not cause and effect.",limitation,true,thesis_flat.tex limitations and rev22_slide_text.md slide 12,WITHIN_SUPPORT,,Meaning stayed within the supplied thesis/deck ceiling.
12.4,12,4,The second is who it describes.,limitation,true,thesis_flat.tex limitations and rev22_slide_text.md slide 12,EXCEEDS_SUPPORT,U10-F14,U10-F14: The limitation slide repeats the unsupported “stable leadership” characterization. Repetition does not convert the five-call construction rule into evidence of leadership stability.
12.5,12,5,"Larger, better-covered firms with stable leadership, for one country and one period.",transition,false,Rhetorical structure; no independent evidentiary proposition.,NOT_A_CLAIM,,Classified; no source test required beyond consistency with the slide sequence.
12.6,12,6,The third is timing.,thesis_fact,true,thesis_flat.tex limitations and rev22_slide_text.md slide 12,WITHIN_SUPPORT,,Meaning stayed within the supplied thesis/deck ceiling.
12.7,12,7,I know when a deal was announced.,limitation,true,thesis_flat.tex limitations and rev22_slide_text.md slide 12,WITHIN_SUPPORT,,Meaning stayed within the supplied thesis/deck ceiling.
12.8,12,8,I do not know when the talks started.,limitation,true,thesis_flat.tex limitations and rev22_slide_text.md slide 12,WITHIN_SUPPORT,,Meaning stayed within the supplied thesis/deck ceiling.
12.9,12,9,"So the quarter I flag is a proxy for a window, not confirmed exposure to a negotiation.",transition,false,Rhetorical structure; no independent evidentiary proposition.,NOT_A_CLAIM,,Classified; no source test required beyond consistency with the slide sequence.
12.10,12,10,The fourth is measurement.,limitation,true,thesis_flat.tex limitations and rev22_slide_text.md slide 12,WITHIN_SUPPORT,,Meaning stayed within the supplied thesis/deck ceiling.
12.11,12,11,"A fixed word list is a crude way to read uncertainty, and the stock comparison group is imperfect for the reasons on slide 3.",limitation,true,thesis_flat.tex limitations and rev22_slide_text.md slide 12,WITHIN_SUPPORT,,Meaning stayed within the supplied thesis/deck ceiling.
13.1,13,1,One sentence to take away.,transition,false,Rhetorical structure; no independent evidentiary proposition.,NOT_A_CLAIM,,Classified; no source test required beyond consistency with the slide sequence.
13.2,13,2,"When an acquisition moves from private to public, the unscripted part of the earnings call carries a trace of it, and that trace is readable.",interpretation,true,thesis_flat.tex conclusion and rev22_slide_text.md slide 13,EXCEEDS_SUPPORT,U10-F15,"U10-F15: The closing converts an aggregate, hedged empirical interpretation into a categorical statement about what happens when an acquisition moves public. It drops the thesis's load-bearing “patterns suggest” qualifier and can be heard as a per-deal trace."
13.3,13,3,It appears in the quarter before the announcement.,result,true,thesis_flat.tex conclusion and rev22_slide_text.md slide 13,WITHIN_SUPPORT,,Meaning stayed within the supplied thesis/deck ceiling.
13.4,13,4,It is no longer detectable once the deal is public.,result,true,thesis_flat.tex conclusion and rev22_slide_text.md slide 13,WITHIN_SUPPORT,,Meaning stayed within the supplied thesis/deck ceiling.
13.5,13,5,And it is stronger for cash deals than for stock deals.,result,true,thesis_flat.tex conclusion and rev22_slide_text.md slide 13,WITHIN_SUPPORT,,Meaning stayed within the supplied thesis/deck ceiling.
13.6,13,6,It is a pattern in language.,limitation,true,thesis_flat.tex conclusion and rev22_slide_text.md slide 13,WITHIN_SUPPORT,,Meaning stayed within the supplied thesis/deck ceiling.
13.7,13,7,"It is not a mechanism, and it is not something anyone could trade on.",limitation,true,thesis_flat.tex conclusion and rev22_slide_text.md slide 13,EXCEEDS_SUPPORT,U10-F16,U10-F16: The thesis does not test whether anyone could trade on the pattern. “No prescription” and a correlational design do not establish non-tradability; the sentence makes an impossibility claim beyond the evidence.
13.8,13,8,"That is the whole claim, and I have tried to keep it that size.",limitation,true,thesis_flat.tex conclusion and rev22_slide_text.md slide 13,WITHIN_SUPPORT,,Meaning stayed within the supplied thesis/deck ceiling.
13.9,13,9,Thank you.,transition,false,Rhetorical structure; no independent evidentiary proposition.,NOT_A_CLAIM,,Classified; no source test required beyond consistency with the slide sequence.
13.10,13,10,I am happy to take questions.,transition,false,Rhetorical structure; no independent evidentiary proposition.,NOT_A_CLAIM,,Classified; no source test required beyond consistency with the slide sequence.
