slide,review_status,checked,finding_id,severity,visible_text,oral_overstatement,what_thesis_supports,supporting_quote,source_file,safe_spoken_form,is_new
1,CLEAN,"Title, subtitle, candidate and advisor labels against the thesis title page. No independent result claim is made unless the title is orally upgraded into verified negotiation exposure.",,,,,,,,,
2,CLEAN_WITH_EXISTING_BOUNDARY,"Framework sequence, legal non-misleading constraint, less-scripted Q&A venue, and hypothesis register. The only live boundary is the already-known fact that PRE1 does not verify negotiation or knowledge onset.",,,,,,,,,
3,FINDING,"Two-clock motivation, cash-versus-stock rationale, prior-work role, and whether “cleaner” could be narrated as identification.",U03-F03,MINOR,Cash: No equity currency to protect. Relatively cleaner window onto the disclosure state.,"Cash deals provide a clean counterfactual, or the cash-stock contrast identifies the effect of the disclosure bind rather than selection into payment method.","Prior literature motivates cash as a relatively less-managed setting, but the thesis explicitly treats this as motivation, not identification, and calls stock an imperfect counterfactual.","thesis_flat.tex: “Here the point is motivation, not identification, and the source of the cash uncertainty stays open.”",thesis_flat.tex,"Cash is the relatively cleaner motivating setting; it is not a clean counterfactual, and payment-method selection remains unresolved.",true
4,CLEAN,"All three roadmap equations, fixed effects, controls, direct Wald contrast, descriptive register, and the fact that the equations are schematic rather than full specifications.",,,,,,,,,
5,CLEAN,"Nearest-work objects and venues, the restored “To our knowledge” qualifier, and the distinction among tone, vocabulary, prices, and residual CEO Q&A uncertainty.",,,,,,,,,
6,FINDINGS,"All sample counts, data links, deal screen, sample-selection note, the funnel’s implied attrition story, and mutual exclusivity of the payment thresholds.",U03-F04,MINOR,"88,205 calls → CEO identity + five calls → 44,900 calls.","CEO matching and the five-call rule alone explain the fall from 88,205 to 44,900 calls.","The residual sample also depends on Execucomp coverage and complete availability of the variables required by the first-stage decomposition. The supplied thesis does not provide a filter-by-filter attrition reconciliation to 44,900.","thesis_flat.tex: “We also restrict the panel to firms that Execucomp covers” and “The count N varies from row to row, because each variable is summarized only on the calls for which it is available (its complete cases).”",thesis_flat.tex,"The 44,900 calls are the complete-case residual sample after CEO identification, the minimum-call rule, Execucomp coverage, and required first-stage inputs.",true
6,FINDINGS,,U03-F05,MINOR,Cash arm: at least 50% cash. Stock comparison: at least 50% stock.,The two treatment arms are necessarily mutually exclusive under the stated thresholds.,"The thesis states both thresholds but does not say how an exactly 50/50 deal is assigned, whether such deals occur, or whether they can be eligible for both indicators.",thesis_flat.tex: “Deals that are at least 50% cash form the cash arm; deals that are at least 50% stock form the stock comparison arm.”,thesis_flat.tex,The thesis uses the two at-least-half thresholds; exact 50/50 classification is not documented in the supplied files and should not be improvised.,true
7,FINDING,"Raw measure, first-stage controls, CEO fixed effect, generated-regressand caveat, sample counts, and whether residualization “isolates” the construct.",U03-F02,MAJOR,Raw CEO-answer uncertainty is residualized to isolate call-specific uncertainty.,"The first stage isolates true call-specific uncertainty, deal-related uncertainty, or what the CEO privately knows.","UncResCEO is the residual left unexplained by the specified first-stage model. It is an operationalization or proxy, and can retain omitted call-level influences and measurement error.",thesis_flat.tex: “the residual is one operationalization of call-specific uncertainty rather than a direct reading of what a chief executive knows.”,thesis_flat.tex,"UncResCEO is the unexplained residual from the specified first stage, used as a proxy for call-specific answer uncertainty after modeled components are removed.",true
8,FINDING,"Estimate, SE, p-value, derived interval, sample, fixed effects, economic magnitude denominator, and the existing announcement-onset boundary behind “final private quarter.”",U03-F06,MINOR,About 15% of the usual spread.,The coefficient is 15% of a typical CEO’s within-person variation or of the within-firm variation used for identification.,"The denominator is the pooled all-universe standard deviation of UncResCEO across available calls, not a within-CEO or within-firm standard deviation.","thesis_flat.tex: “roughly 15.3%, taking 0.0461 against the all-universe standard deviation of 0.3010.”",thesis_flat.tex,The estimate is about 15% of the pooled cross-call standard deviation of UncResCEO.,true
9,FINDINGS,"Every bin, both Wald tests, matched rows, cash lag, baseline, quarterly timing, non-significance versus equivalence, and completion-bin precision.",U03-F01,MAJOR,Two clocks: residual uncertainty becomes indistinguishable from baseline at announcement; cash falls only at completion.,"The signal is proven to be gone, equal to baseline, or fully resolved at announcement.","The average GAP coefficient is near zero and not statistically significant, and the PRE1-to-GAP Wald decline is significant. That supports a decline after announcement, not statistical equivalence to zero or proof that the signal fully disappears.","thesis_flat.tex: “the residual spikes at PRE1 to 0.0473 ... and then falls to insignificance ... with a GAP coefficient of 0.0018 ... not significant. The drop from PRE1 to GAP is itself significant, 0.0455 ...”",thesis_flat.tex,"The GAP estimate is near zero and no longer statistically different from baseline, while the PRE1-to-GAP decline is significant; this is a decline result, not an equivalence result.",true
9,FINDINGS,,U03-F07,MINOR,Cash falls only at completion. / Cash ratio decline appears after completion.,The regression identifies the exact closing-date response or proves no cash decline occurs before that date.,"The cash ratio is lower in a quarterly POST bin covering quarters after completion, and the GAP-to-POST contrast is significant. The design is quarterly and the persistence leg is partly mechanical.",thesis_flat.tex: “POST covers the quarters after the deal has completed” and “We cap the post-window at four quarters.”,thesis_flat.tex,The cash ratio is lower in the post-completion bin; the design does not pinpoint an exact closing-date response.,true
10,CLEAN,"All coefficients and samples, separate-panel versus pooled-test logic, formal Wald interpretation, fragility language, source tables, and the apparent GAP/POST discrepancy. The discrepancy resolves.",,,,,,,,,
11,CLEAN,Each of the three selected descriptive contributions against the thesis contribution paragraph and conclusion; omission of the bid-ask contribution does not make the stated three false.,,,,,,,,,
12,FINDINGS,"Causal boundary, generalizability, announcement-onset limitation, measurement and stock-comparison limits, plus the three prior-audit findings left unapplied.",U03-F08,MINOR,CEO Q&A uncertainty tracks the point when an acquisition moves from private to public.,Raw CEO uncertainty identifies the exact point at which the deal or the CEO’s knowledge changes state.,The estimated object is residual CEO-answer uncertainty observed on quarterly calls and grouped into announcement-relative states. It is not raw uncertainty and not an exact timestamp.,thesis_flat.tex: “the residual is one operationalization of call-specific uncertainty rather than a direct reading of what a chief executive knows.”,thesis_flat.tex,Residual CEO Q&A uncertainty differs between the final pre-announcement and announced-not-closed states.,false
12,FINDINGS,,U03-F09,MINOR,"The data mark the announcement date, not when negotiations began.","PRE1 is known exposure to negotiations or withholding, or any timing error must attenuate the estimate.","Event time is announcement-anchored. Negotiation onset, materiality onset, and CEO-knowledge onset are not observed, so PRE1 is only a proxy for a possible withholding window and the direction of timing-error bias cannot be signed.","audit_findings.md: “The supplied thesis does not observe negotiation onset, materiality onset, or knowledge onset.”",audit_findings.md,"Event time is anchored on announcement; negotiation onset is unobserved, so PRE1 is a proxy for a possible withholding window, not verified exposure.",false
12,FINDINGS,,U03-F10,NIT,Imperfect instruments.,The design uses instrumental variables or has an exclusion restriction to defend.,"The box contains a measurement limitation and a comparison-group limitation, not instruments in the econometric sense.",thesis_flat.tex: “Uncertainty is captured by applying a finance-specific word list ...” and “The stock-financed comparison ... is an imperfect counterfactual.”,thesis_flat.tex,Call these measurement and comparison limits; do not use the word instruments aloud.,false
13,CLEAN_WITH_CARRYOVER_BOUNDARY,"The “suggest” hedge, private-to-public conclusion, cash-stock formal contrast, and whether “fades” is narrated as a decline/non-detection rather than equivalence. U03-F01 governs the oral form.",,,,,,,,,
